#
# There is insufficient memory for the Java Runtime Environment to continue.
# Native memory allocation (malloc) failed to allocate 1842912 bytes. Error detail: Chunk::new
# Possible reasons:
#   The system is out of physical RAM or swap space
#   This process is running with CompressedOops enabled, and the Java Heap may be blocking the growth of the native heap
# Possible solutions:
#   Reduce memory load on the system
#   Increase physical memory or swap space
#   Check if swap backing store is full
#   Decrease Java heap size (-Xmx/-Xms)
#   Decrease number of Java threads
#   Decrease Java thread stack sizes (-Xss)
#   Set larger code cache with -XX:ReservedCodeCacheSize=
#   JVM is running with Unscaled Compressed Oops mode in which the Java heap is
#     placed in the first 4GB address space. The Java Heap base address is the
#     maximum limit for the native heap growth. Please use -XX:HeapBaseMinAddress
#     to set the Java Heap base and to place the Java Heap above 4GB virtual address.
# This output file may be truncated or incomplete.
#
#  Out of Memory Error (arena.cpp:191), pid=23388, tid=10000
#
# JRE version: OpenJDK Runtime Environment JBR-17.0.12+1-1207.37-nomod (17.0.12+1) (build 17.0.12+1-b1207.37)
# Java VM: OpenJDK 64-Bit Server VM JBR-17.0.12+1-1207.37-nomod (17.0.12+1-b1207.37, mixed mode, sharing, tiered, compressed oops, compressed class ptrs, g1 gc, windows-amd64)
# No core dump will be written. Minidumps are not enabled by default on client versions of Windows
#

---------------  S U M M A R Y ------------

Command Line: --add-opens=java.base/java.util=ALL-UNNAMED --add-opens=java.base/java.lang=ALL-UNNAMED --add-opens=java.base/java.lang.invoke=ALL-UNNAMED --add-opens=java.prefs/java.util.prefs=ALL-UNNAMED --add-opens=java.base/java.nio.charset=ALL-UNNAMED --add-opens=java.base/java.net=ALL-UNNAMED --add-opens=java.base/java.util.concurrent.atomic=ALL-UNNAMED -Xmx2048m -Dfile.encoding=UTF-8 -Duser.country=US -Duser.language=en -Duser.variant org.gradle.launcher.daemon.bootstrap.GradleDaemon 8.0

Host: AMD Ryzen 7 7435HS                             , 16 cores, 15G,  Windows 11 , 64 bit Build 26100 (10.0.26100.3037)
Time: Fri Feb 14 10:14:24 2025 India Standard Time elapsed time: 39.995877 seconds (0d 0h 0m 39s)

---------------  T H R E A D  ---------------

Current thread (0x0000014a820ca3f0):  JavaThread "C2 CompilerThread5" daemon [_thread_in_native, id=10000, stack(0x00000042c9100000,0x00000042c9200000)]


Current CompileTask:
C2:  39995 26754       4       com.android.tools.r8.internal.Z10::a (66 bytes)

Stack: [0x00000042c9100000,0x00000042c9200000]
Native frames: (J=compiled Java code, j=interpreted, Vv=VM code, C=native code)
V  [jvm.dll+0x689d89]  os::platform_print_native_stack+0xd9  (os_windows_x86.cpp:235)
V  [jvm.dll+0x84386a]  VMError::report+0xc6a  (vmError.cpp:868)
V  [jvm.dll+0x8454ee]  VMError::report_and_die+0x78e  (vmError.cpp:1766)
V  [jvm.dll+0x845b53]  VMError::report_and_die+0x43  (vmError.cpp:1552)
V  [jvm.dll+0x24a56f]  report_vm_out_of_memory+0x8f  (debug.cpp:321)
V  [jvm.dll+0xac9e4]  Chunk::operator new+0xb4  (arena.cpp:191)
V  [jvm.dll+0xad02c]  Arena::grow+0x3c  (arena.cpp:352)
V  [jvm.dll+0x36a6f7]  PhaseIFG::init+0xf7  (ifg.cpp:52)
V  [jvm.dll+0x334b8a]  PhaseCFG::global_code_motion+0x44a  (gcm.cpp:1577)
V  [jvm.dll+0x33402a]  PhaseCFG::do_global_code_motion+0x3a  (gcm.cpp:1644)
V  [jvm.dll+0x21bfb1]  Compile::Code_Gen+0x261  (compile.cpp:2738)
V  [jvm.dll+0x21b3f1]  Compile::Compile+0xe61  (compile.cpp:836)
V  [jvm.dll+0x1a68ed]  C2Compiler::compile_method+0xad  (c2compiler.cpp:112)
V  [jvm.dll+0x22b2de]  CompileBroker::invoke_compiler_on_method+0x82e  (compileBroker.cpp:2366)
V  [jvm.dll+0x229445]  CompileBroker::compiler_thread_loop+0x405  (compileBroker.cpp:2027)
V  [jvm.dll+0x7f7917]  JavaThread::run+0x147  (thread.cpp:1299)
V  [jvm.dll+0x7f1cec]  Thread::call_run+0x8c  (thread.cpp:405)
V  [jvm.dll+0x688be7]  thread_native_entry+0x77  (os_windows.cpp:550)
C  [ucrtbase.dll+0x37b0]
C  [KERNEL32.DLL+0x2e8d7]
C  [ntdll.dll+0xbbf2c]


---------------  P R O C E S S  ---------------

Threads class SMR info:
_java_thread_list=0x0000014a8dc36d40, length=269, elements={
0x0000014a9d114040, 0x0000014ab7f134b0, 0x0000014ab7f13f80, 0x0000014ab7f23a60,
0x0000014ab7f26440, 0x0000014ab7f26d10, 0x0000014ab7f275e0, 0x0000014ab7f346b0,
0x0000014ab7f5a590, 0x0000014ab8661fe0, 0x0000014ab8798ae0, 0x0000014ab879be20,
0x0000014a807cd3f0, 0x0000014a8019de30, 0x0000014afeef8220, 0x0000014a801c3f20,
0x0000014aff692860, 0x0000014a8044b590, 0x0000014a8044bfb0, 0x0000014a8044baa0,
0x0000014a8044c4c0, 0x0000014a8044b080, 0x0000014a80d3ba90, 0x0000014a80d3c9c0,
0x0000014a80d3b070, 0x0000014a80d3a140, 0x0000014a80d3b580, 0x0000014a80d39720,
0x0000014a80d3bfa0, 0x0000014a80d39c30, 0x0000014a80d3a650, 0x0000014a80d3ab60,
0x0000014a80d39210, 0x0000014a80d3ced0, 0x0000014a80d3d8f0, 0x0000014a80d3f240,
0x0000014a80d40170, 0x0000014a80d40680, 0x0000014a80d40b90, 0x0000014a80d3d3e0,
0x0000014a80d3de00, 0x0000014a80d3e310, 0x0000014a823ec4a0, 0x0000014a823eb570,
0x0000014a823ebf90, 0x0000014a823ee300, 0x0000014a823ec9b0, 0x0000014a823eddf0,
0x0000014a823eb060, 0x0000014a823ee810, 0x0000014a823ecec0, 0x0000014a823eba80,
0x0000014a823ed3d0, 0x0000014a823ed8e0, 0x0000014a82291920, 0x0000014a82292340,
0x0000014a82293270, 0x0000014a82293780, 0x0000014a82293c90, 0x0000014a822941a0,
0x0000014a82291e30, 0x0000014a82292d60, 0x0000014a822946b0, 0x0000014a82290f00,
0x0000014a82294bc0, 0x0000014a82291410, 0x0000014a82292850, 0x0000014a82296a20,
0x0000014a82298880, 0x0000014a822950d0, 0x0000014a82296000, 0x0000014a82297440,
0x0000014a822955e0, 0x0000014a82295af0, 0x0000014a82296f30, 0x0000014a82296510,
0x0000014a82297950, 0x0000014a82297e60, 0x0000014a82298370, 0x0000014a8155d0a0,
0x0000014a8155d5b0, 0x0000014a8155dac0, 0x0000014a8155b750, 0x0000014a8155c170,
0x0000014a8155dfd0, 0x0000014a8155e4e0, 0x0000014a8155ad30, 0x0000014a8155bc60,
0x0000014a8155e9f0, 0x0000014a8155cb90, 0x0000014a8155b240, 0x0000014a8155fe30,
0x0000014a8155ef00, 0x0000014a8155f410, 0x0000014a8155f920, 0x0000014a8155c680,
0x0000014a81561c90, 0x0000014a815621a0, 0x0000014a81560d60, 0x0000014a81560850,
0x0000014a81561270, 0x0000014a815626b0, 0x0000014a81560340, 0x0000014a81561780,
0x0000014ab8734120, 0x0000014ab8735f80, 0x0000014ab8735a70, 0x0000014ab8734630,
0x0000014ab87369a0, 0x0000014ab8735560, 0x0000014ab8734b40, 0x0000014ab8735050,
0x0000014ab8736eb0, 0x0000014ab8736490, 0x0000014ab87373c0, 0x0000014ab8733c10,
0x0000014a8082ab10, 0x0000014a8082b020, 0x0000014a80827d80, 0x0000014a808291c0,
0x0000014a8082b530, 0x0000014a8082ba40, 0x0000014a808287a0, 0x0000014a80829be0,
0x0000014a80828290, 0x0000014a8082bf50, 0x0000014a8082c460, 0x0000014a8082a0f0,
0x0000014a80828cb0, 0x0000014a8082c970, 0x0000014a8082ce80, 0x0000014a808296d0,
0x0000014a8082d390, 0x0000014a8082d8a0, 0x0000014a8082ddb0, 0x0000014a8082a600,
0x0000014a8082e2c0, 0x0000014a8082e7d0, 0x0000014a8082ece0, 0x0000014a8082f1f0,
0x0000014a8082f700, 0x0000014a833f54b0, 0x0000014a833f1d00, 0x0000014a833f59c0,
0x0000014a833f3650, 0x0000014a833f4a90, 0x0000014a833f2c30, 0x0000014a833f3b60,
0x0000014a833f3140, 0x0000014a833f2210, 0x0000014a833f4fa0, 0x0000014a833f5ed0,
0x0000014a833f4070, 0x0000014a833f63e0, 0x0000014a833f4580, 0x0000014a833f2720,
0x0000014a833f8750, 0x0000014a833f6e00, 0x0000014a833f9680, 0x0000014a833f68f0,
0x0000014a833f7310, 0x0000014a833f7820, 0x0000014a833f7d30, 0x0000014a833f8240,
0x0000014a833f8c60, 0x0000014a833f9170, 0x0000014a82aa7050, 0x0000014a82aa5700,
0x0000014a82aa7a70, 0x0000014a82aa6630, 0x0000014a82aa7f80, 0x0000014a82aa6b40,
0x0000014a82aa8490, 0x0000014a82aa7560, 0x0000014a82aa4ce0, 0x0000014a82aa89a0,
0x0000014a82aa51f0, 0x0000014a82aa8eb0, 0x0000014a82aa93c0, 0x0000014a82aa5c10,
0x0000014a82aa98d0, 0x0000014a82aa6120, 0x0000014a82aac150, 0x0000014a82aaad10,
0x0000014a82aab220, 0x0000014a82aabc40, 0x0000014a82aa9de0, 0x0000014a82aaa2f0,
0x0000014a82aac660, 0x0000014a82aaa800, 0x0000014a82aab730, 0x0000014a83d2ede0,
0x0000014a83d2f2f0, 0x0000014a83d2e3c0, 0x0000014a83d31150, 0x0000014a83d2f800,
0x0000014a83d2fd10, 0x0000014a83d30220, 0x0000014a83d30730, 0x0000014a83d31660,
0x0000014a83d31b70, 0x0000014a83d32590, 0x0000014a83d34e10, 0x0000014a86384570,
0x0000014a86388230, 0x0000014a863859b0, 0x0000014a86384a80, 0x0000014a86388740,
0x0000014a86384f90, 0x0000014a86388c50, 0x0000014a86389160, 0x0000014a86389670,
0x0000014a86385ec0, 0x0000014a86389b80, 0x0000014a863863d0, 0x0000014a8638afc0,
0x0000014a8638b4d0, 0x0000014a8638a090, 0x0000014a8638a5a0, 0x0000014a8638aab0,
0x0000014a8638b9e0, 0x0000014a83d35830, 0x0000014a83d33ee0, 0x0000014a8044c9d0,
0x0000014a8740a040, 0x0000014a874077c0, 0x0000014a87407cd0, 0x0000014a87409110,
0x0000014a87408c00, 0x0000014a87406890, 0x0000014a874081e0, 0x0000014a874072b0,
0x0000014a8740a550, 0x0000014a87406da0, 0x0000014a8740bea0, 0x0000014a87409620,
0x0000014a8740aa60, 0x0000014a874086f0, 0x0000014a8740cdd0, 0x0000014a8740d2e0,
0x0000014a8740d7f0, 0x0000014a83d35320, 0x0000014a863854a0, 0x0000014a8625bc80,
0x0000014a8625a840, 0x0000014a8625ad50, 0x0000014a8625d0c0, 0x0000014a8625b260,
0x0000014a8625c6a0, 0x0000014a86259e20, 0x0000014a8625ea10, 0x0000014a84503200,
0x0000014a84505a80, 0x0000014a84506ec0, 0x0000014a845064a0, 0x0000014a84505060,
0x0000014a84505f90, 0x0000014a84504640, 0x0000014a82ba7db0, 0x0000014a84504b50,
0x0000014a84507df0, 0x0000014a84508810, 0x0000014a8450a160, 0x0000014a820c8eb0,
0x0000014a820c8410, 0x0000014a820c9ea0, 0x0000014a820ca3f0, 0x0000014a820c8960,
0x0000014a8f281460
}

Java Threads: ( => current thread )
  0x0000014a9d114040 JavaThread "main" [_thread_blocked, id=24996, stack(0x00000042b6400000,0x00000042b6500000)]
  0x0000014ab7f134b0 JavaThread "Reference Handler" daemon [_thread_blocked, id=22088, stack(0x00000042b6b00000,0x00000042b6c00000)]
  0x0000014ab7f13f80 JavaThread "Finalizer" daemon [_thread_blocked, id=25300, stack(0x00000042b6c00000,0x00000042b6d00000)]
  0x0000014ab7f23a60 JavaThread "Signal Dispatcher" daemon [_thread_blocked, id=6328, stack(0x00000042b6d00000,0x00000042b6e00000)]
  0x0000014ab7f26440 JavaThread "Attach Listener" daemon [_thread_blocked, id=5308, stack(0x00000042b6e00000,0x00000042b6f00000)]
  0x0000014ab7f26d10 JavaThread "Service Thread" daemon [_thread_blocked, id=12208, stack(0x00000042b6f00000,0x00000042b7000000)]
  0x0000014ab7f275e0 JavaThread "Monitor Deflation Thread" daemon [_thread_blocked, id=20900, stack(0x00000042b7000000,0x00000042b7100000)]
  0x0000014ab7f346b0 JavaThread "C2 CompilerThread0" daemon [_thread_in_native, id=15192, stack(0x00000042b7100000,0x00000042b7200000)]
  0x0000014ab7f5a590 JavaThread "C1 CompilerThread0" daemon [_thread_blocked, id=18800, stack(0x00000042b7200000,0x00000042b7300000)]
  0x0000014ab8661fe0 JavaThread "Sweeper thread" daemon [_thread_blocked, id=3004, stack(0x00000042b7300000,0x00000042b7400000)]
  0x0000014ab8798ae0 JavaThread "Common-Cleaner" daemon [_thread_blocked, id=26348, stack(0x00000042b7500000,0x00000042b7600000)]
  0x0000014ab879be20 JavaThread "Notification Thread" daemon [_thread_blocked, id=17788, stack(0x00000042b7600000,0x00000042b7700000)]
  0x0000014a807cd3f0 JavaThread "Daemon health stats" [_thread_blocked, id=22868, stack(0x00000042b8100000,0x00000042b8200000)]
  0x0000014a8019de30 JavaThread "Incoming local TCP Connector on port 62127" [_thread_in_native, id=9040, stack(0x00000042b8200000,0x00000042b8300000)]
  0x0000014afeef8220 JavaThread "Daemon periodic checks" [_thread_blocked, id=9212, stack(0x00000042b8300000,0x00000042b8400000)]
  0x0000014a801c3f20 JavaThread "Daemon" [_thread_blocked, id=21768, stack(0x00000042b8400000,0x00000042b8500000)]
  0x0000014aff692860 JavaThread "Handler for socket connection from /127.0.0.1:62127 to /127.0.0.1:62128" [_thread_in_native, id=7240, stack(0x00000042b8500000,0x00000042b8600000)]
  0x0000014a8044b590 JavaThread "Cancel handler" [_thread_blocked, id=21744, stack(0x00000042b8600000,0x00000042b8700000)]
  0x0000014a8044bfb0 JavaThread "Daemon worker" [_thread_blocked, id=13496, stack(0x00000042b8700000,0x00000042b8800000)]
  0x0000014a8044baa0 JavaThread "Asynchronous log dispatcher for DefaultDaemonConnection: socket connection from /127.0.0.1:62127 to /127.0.0.1:62128" [_thread_blocked, id=9784, stack(0x00000042b8800000,0x00000042b8900000)]
  0x0000014a8044c4c0 JavaThread "Stdin handler" [_thread_blocked, id=19176, stack(0x00000042b8900000,0x00000042b8a00000)]
  0x0000014a8044b080 JavaThread "Daemon client event forwarder" [_thread_blocked, id=8260, stack(0x00000042b8a00000,0x00000042b8b00000)]
  0x0000014a80d3ba90 JavaThread "Cache worker for journal cache (C:\Users\adity.KARUNA\.gradle\caches\journal-1)" [_thread_blocked, id=6656, stack(0x00000042b8b00000,0x00000042b8c00000)]
  0x0000014a80d3c9c0 JavaThread "File lock request listener" [_thread_in_native, id=10508, stack(0x00000042b8c00000,0x00000042b8d00000)]
  0x0000014a80d3b070 JavaThread "Cache worker for file hash cache (C:\Users\adity.KARUNA\.gradle\caches\8.0\fileHashes)" [_thread_blocked, id=5220, stack(0x00000042b8d00000,0x00000042b8e00000)]
  0x0000014a80d3a140 JavaThread "File watcher server" daemon [_thread_in_native, id=5800, stack(0x00000042b8f00000,0x00000042b9000000)]
  0x0000014a80d3b580 JavaThread "File watcher consumer" daemon [_thread_blocked, id=23688, stack(0x00000042b9000000,0x00000042b9100000)]
  0x0000014a80d39720 JavaThread "Cache worker for checksums cache (C:\Users\adity.KARUNA\StudioProjects\Brahmi_Recognition\.gradle\8.0\checksums)" [_thread_blocked, id=19164, stack(0x00000042b9100000,0x00000042b9200000)]
  0x0000014a80d3bfa0 JavaThread "Cache worker for cache directory md-rule (C:\Users\adity.KARUNA\.gradle\caches\8.0\md-rule)" [_thread_blocked, id=10384, stack(0x00000042b9200000,0x00000042b9300000)]
  0x0000014a80d39c30 JavaThread "Cache worker for file content cache (C:\Users\adity.KARUNA\.gradle\caches\8.0\fileContent)" [_thread_blocked, id=12616, stack(0x00000042b9300000,0x00000042b9400000)]
  0x0000014a80d3a650 JavaThread "Cache worker for file hash cache (C:\Users\adity.KARUNA\StudioProjects\Brahmi_Recognition\.gradle\8.0\fileHashes)" [_thread_blocked, id=18544, stack(0x00000042b8e00000,0x00000042b8f00000)]
  0x0000014a80d3ab60 JavaThread "Cache worker for cache directory md-supplier (C:\Users\adity.KARUNA\.gradle\caches\8.0\md-supplier)" [_thread_blocked, id=4840, stack(0x00000042b9d00000,0x00000042b9e00000)]
  0x0000014a80d39210 JavaThread "Cache worker for execution history cache (C:\Users\adity.KARUNA\.gradle\caches\8.0\executionHistory)" [_thread_blocked, id=19408, stack(0x00000042b9e00000,0x00000042b9f00000)]
  0x0000014a80d3ced0 JavaThread "jar transforms" [_thread_blocked, id=3248, stack(0x00000042ba500000,0x00000042ba600000)]
  0x0000014a80d3d8f0 JavaThread "jar transforms Thread 2" [_thread_blocked, id=11284, stack(0x00000042ba600000,0x00000042ba700000)]
  0x0000014a80d3f240 JavaThread "Cache worker for dependencies-accessors (C:\Users\adity.KARUNA\StudioProjects\Brahmi_Recognition\.gradle\8.0\dependencies-accessors)" [_thread_blocked, id=20260, stack(0x00000042ba700000,0x00000042ba800000)]
  0x0000014a80d40170 JavaThread "jar transforms Thread 3" [_thread_blocked, id=8868, stack(0x00000042ba800000,0x00000042ba900000)]
  0x0000014a80d40680 JavaThread "Cache worker for Build Output Cleanup Cache (C:\Users\adity.KARUNA\StudioProjects\Brahmi_Recognition\.gradle\buildOutputCleanup)" [_thread_blocked, id=13136, stack(0x00000042ba900000,0x00000042baa00000)]
  0x0000014a80d40b90 JavaThread "Unconstrained build operations" [_thread_blocked, id=22384, stack(0x00000042b7800000,0x00000042b7900000)]
  0x0000014a80d3d3e0 JavaThread "Unconstrained build operations Thread 2" [_thread_blocked, id=23156, stack(0x00000042b7900000,0x00000042b7a00000)]
  0x0000014a80d3de00 JavaThread "Unconstrained build operations Thread 3" [_thread_blocked, id=23308, stack(0x00000042b9f00000,0x00000042ba000000)]
  0x0000014a80d3e310 JavaThread "Unconstrained build operations Thread 4" [_thread_blocked, id=9168, stack(0x00000042ba100000,0x00000042ba200000)]
  0x0000014a823ec4a0 JavaThread "Unconstrained build operations Thread 5" [_thread_blocked, id=5736, stack(0x00000042baa00000,0x00000042bab00000)]
  0x0000014a823eb570 JavaThread "Unconstrained build operations Thread 6" [_thread_blocked, id=24472, stack(0x00000042bab00000,0x00000042bac00000)]
  0x0000014a823ebf90 JavaThread "Unconstrained build operations Thread 7" [_thread_blocked, id=21644, stack(0x00000042bac00000,0x00000042bad00000)]
  0x0000014a823ee300 JavaThread "Unconstrained build operations Thread 8" [_thread_blocked, id=22640, stack(0x00000042bad00000,0x00000042bae00000)]
  0x0000014a823ec9b0 JavaThread "Unconstrained build operations Thread 9" [_thread_blocked, id=23100, stack(0x00000042bae00000,0x00000042baf00000)]
  0x0000014a823eddf0 JavaThread "Unconstrained build operations Thread 10" [_thread_blocked, id=23112, stack(0x00000042baf00000,0x00000042bb000000)]
  0x0000014a823eb060 JavaThread "Unconstrained build operations Thread 11" [_thread_blocked, id=9068, stack(0x00000042bb000000,0x00000042bb100000)]
  0x0000014a823ee810 JavaThread "Unconstrained build operations Thread 12" [_thread_blocked, id=7260, stack(0x00000042bb100000,0x00000042bb200000)]
  0x0000014a823ecec0 JavaThread "Unconstrained build operations Thread 13" [_thread_blocked, id=17716, stack(0x00000042bb200000,0x00000042bb300000)]
  0x0000014a823eba80 JavaThread "Unconstrained build operations Thread 14" [_thread_blocked, id=14220, stack(0x00000042bb300000,0x00000042bb400000)]
  0x0000014a823ed3d0 JavaThread "Unconstrained build operations Thread 15" [_thread_blocked, id=7692, stack(0x00000042bb400000,0x00000042bb500000)]
  0x0000014a823ed8e0 JavaThread "Unconstrained build operations Thread 16" [_thread_blocked, id=16692, stack(0x00000042bb500000,0x00000042bb600000)]
  0x0000014a82291920 JavaThread "Unconstrained build operations Thread 17" [_thread_blocked, id=16752, stack(0x00000042bb600000,0x00000042bb700000)]
  0x0000014a82292340 JavaThread "Unconstrained build operations Thread 18" [_thread_blocked, id=12896, stack(0x00000042bb700000,0x00000042bb800000)]
  0x0000014a82293270 JavaThread "Unconstrained build operations Thread 19" [_thread_blocked, id=7620, stack(0x00000042bb800000,0x00000042bb900000)]
  0x0000014a82293780 JavaThread "Unconstrained build operations Thread 20" [_thread_blocked, id=7412, stack(0x00000042bb900000,0x00000042bba00000)]
  0x0000014a82293c90 JavaThread "Unconstrained build operations Thread 21" [_thread_blocked, id=12856, stack(0x00000042bba00000,0x00000042bbb00000)]
  0x0000014a822941a0 JavaThread "Unconstrained build operations Thread 22" [_thread_blocked, id=16364, stack(0x00000042bbb00000,0x00000042bbc00000)]
  0x0000014a82291e30 JavaThread "Unconstrained build operations Thread 23" [_thread_blocked, id=10200, stack(0x00000042bbc00000,0x00000042bbd00000)]
  0x0000014a82292d60 JavaThread "Unconstrained build operations Thread 24" [_thread_blocked, id=17940, stack(0x00000042bbd00000,0x00000042bbe00000)]
  0x0000014a822946b0 JavaThread "Unconstrained build operations Thread 25" [_thread_blocked, id=22636, stack(0x00000042bbe00000,0x00000042bbf00000)]
  0x0000014a82290f00 JavaThread "Unconstrained build operations Thread 26" [_thread_blocked, id=16876, stack(0x00000042bbf00000,0x00000042bc000000)]
  0x0000014a82294bc0 JavaThread "Unconstrained build operations Thread 27" [_thread_blocked, id=12704, stack(0x00000042bc000000,0x00000042bc100000)]
  0x0000014a82291410 JavaThread "Unconstrained build operations Thread 28" [_thread_blocked, id=21932, stack(0x00000042bc100000,0x00000042bc200000)]
  0x0000014a82292850 JavaThread "Unconstrained build operations Thread 29" [_thread_blocked, id=6552, stack(0x00000042bc200000,0x00000042bc300000)]
  0x0000014a82296a20 JavaThread "Unconstrained build operations Thread 30" [_thread_blocked, id=18344, stack(0x00000042bc300000,0x00000042bc400000)]
  0x0000014a82298880 JavaThread "Unconstrained build operations Thread 31" [_thread_blocked, id=7932, stack(0x00000042bc400000,0x00000042bc500000)]
  0x0000014a822950d0 JavaThread "Unconstrained build operations Thread 32" [_thread_blocked, id=15408, stack(0x00000042bc500000,0x00000042bc600000)]
  0x0000014a82296000 JavaThread "Unconstrained build operations Thread 33" [_thread_blocked, id=23664, stack(0x00000042bc600000,0x00000042bc700000)]
  0x0000014a82297440 JavaThread "Unconstrained build operations Thread 34" [_thread_blocked, id=14388, stack(0x00000042bc700000,0x00000042bc800000)]
  0x0000014a822955e0 JavaThread "Unconstrained build operations Thread 35" [_thread_blocked, id=11316, stack(0x00000042bc800000,0x00000042bc900000)]
  0x0000014a82295af0 JavaThread "Unconstrained build operations Thread 36" [_thread_blocked, id=16916, stack(0x00000042bc900000,0x00000042bca00000)]
  0x0000014a82296f30 JavaThread "Unconstrained build operations Thread 37" [_thread_blocked, id=6872, stack(0x00000042bca00000,0x00000042bcb00000)]
  0x0000014a82296510 JavaThread "Unconstrained build operations Thread 38" [_thread_blocked, id=19916, stack(0x00000042bcb00000,0x00000042bcc00000)]
  0x0000014a82297950 JavaThread "Unconstrained build operations Thread 39" [_thread_blocked, id=412, stack(0x00000042bcc00000,0x00000042bcd00000)]
  0x0000014a82297e60 JavaThread "Unconstrained build operations Thread 40" [_thread_blocked, id=25108, stack(0x00000042bcd00000,0x00000042bce00000)]
  0x0000014a82298370 JavaThread "Unconstrained build operations Thread 41" [_thread_blocked, id=4876, stack(0x00000042bce00000,0x00000042bcf00000)]
  0x0000014a8155d0a0 JavaThread "Unconstrained build operations Thread 42" [_thread_blocked, id=16804, stack(0x00000042bcf00000,0x00000042bd000000)]
  0x0000014a8155d5b0 JavaThread "Unconstrained build operations Thread 43" [_thread_blocked, id=5940, stack(0x00000042bd000000,0x00000042bd100000)]
  0x0000014a8155dac0 JavaThread "Unconstrained build operations Thread 44" [_thread_blocked, id=8720, stack(0x00000042bd100000,0x00000042bd200000)]
  0x0000014a8155b750 JavaThread "Unconstrained build operations Thread 45" [_thread_blocked, id=14548, stack(0x00000042bd200000,0x00000042bd300000)]
  0x0000014a8155c170 JavaThread "Unconstrained build operations Thread 46" [_thread_blocked, id=11324, stack(0x00000042bd300000,0x00000042bd400000)]
  0x0000014a8155dfd0 JavaThread "Unconstrained build operations Thread 47" [_thread_blocked, id=17856, stack(0x00000042bd400000,0x00000042bd500000)]
  0x0000014a8155e4e0 JavaThread "Unconstrained build operations Thread 48" [_thread_blocked, id=7280, stack(0x00000042bd500000,0x00000042bd600000)]
  0x0000014a8155ad30 JavaThread "Unconstrained build operations Thread 49" [_thread_blocked, id=12376, stack(0x00000042bd600000,0x00000042bd700000)]
  0x0000014a8155bc60 JavaThread "Unconstrained build operations Thread 50" [_thread_blocked, id=21912, stack(0x00000042bd700000,0x00000042bd800000)]
  0x0000014a8155e9f0 JavaThread "Unconstrained build operations Thread 51" [_thread_blocked, id=9568, stack(0x00000042bd800000,0x00000042bd900000)]
  0x0000014a8155cb90 JavaThread "Unconstrained build operations Thread 52" [_thread_blocked, id=12744, stack(0x00000042bd900000,0x00000042bda00000)]
  0x0000014a8155b240 JavaThread "Unconstrained build operations Thread 53" [_thread_blocked, id=10680, stack(0x00000042bda00000,0x00000042bdb00000)]
  0x0000014a8155fe30 JavaThread "Unconstrained build operations Thread 54" [_thread_blocked, id=25800, stack(0x00000042bdb00000,0x00000042bdc00000)]
  0x0000014a8155ef00 JavaThread "Unconstrained build operations Thread 55" [_thread_blocked, id=11852, stack(0x00000042bdc00000,0x00000042bdd00000)]
  0x0000014a8155f410 JavaThread "Unconstrained build operations Thread 56" [_thread_blocked, id=5992, stack(0x00000042bdd00000,0x00000042bde00000)]
  0x0000014a8155f920 JavaThread "Unconstrained build operations Thread 57" [_thread_blocked, id=10796, stack(0x00000042bde00000,0x00000042bdf00000)]
  0x0000014a8155c680 JavaThread "Unconstrained build operations Thread 58" [_thread_blocked, id=8544, stack(0x00000042bdf00000,0x00000042be000000)]
  0x0000014a81561c90 JavaThread "Unconstrained build operations Thread 59" [_thread_blocked, id=20568, stack(0x00000042be000000,0x00000042be100000)]
  0x0000014a815621a0 JavaThread "Unconstrained build operations Thread 60" [_thread_blocked, id=15512, stack(0x00000042be100000,0x00000042be200000)]
  0x0000014a81560d60 JavaThread "Unconstrained build operations Thread 61" [_thread_blocked, id=9940, stack(0x00000042be200000,0x00000042be300000)]
  0x0000014a81560850 JavaThread "Unconstrained build operations Thread 62" [_thread_blocked, id=2632, stack(0x00000042be300000,0x00000042be400000)]
  0x0000014a81561270 JavaThread "Unconstrained build operations Thread 63" [_thread_blocked, id=7400, stack(0x00000042be400000,0x00000042be500000)]
  0x0000014a815626b0 JavaThread "Unconstrained build operations Thread 64" [_thread_blocked, id=11652, stack(0x00000042be500000,0x00000042be600000)]
  0x0000014a81560340 JavaThread "Unconstrained build operations Thread 65" [_thread_blocked, id=12248, stack(0x00000042be600000,0x00000042be700000)]
  0x0000014a81561780 JavaThread "Unconstrained build operations Thread 66" [_thread_blocked, id=21596, stack(0x00000042be700000,0x00000042be800000)]
  0x0000014ab8734120 JavaThread "Unconstrained build operations Thread 67" [_thread_blocked, id=7016, stack(0x00000042be800000,0x00000042be900000)]
  0x0000014ab8735f80 JavaThread "Unconstrained build operations Thread 68" [_thread_blocked, id=13752, stack(0x00000042be900000,0x00000042bea00000)]
  0x0000014ab8735a70 JavaThread "Unconstrained build operations Thread 69" [_thread_blocked, id=8920, stack(0x00000042bea00000,0x00000042beb00000)]
  0x0000014ab8734630 JavaThread "Unconstrained build operations Thread 70" [_thread_blocked, id=13268, stack(0x00000042beb00000,0x00000042bec00000)]
  0x0000014ab87369a0 JavaThread "Unconstrained build operations Thread 71" [_thread_blocked, id=17332, stack(0x00000042bec00000,0x00000042bed00000)]
  0x0000014ab8735560 JavaThread "Unconstrained build operations Thread 72" [_thread_blocked, id=13824, stack(0x00000042bed00000,0x00000042bee00000)]
  0x0000014ab8734b40 JavaThread "Unconstrained build operations Thread 73" [_thread_blocked, id=18508, stack(0x00000042bee00000,0x00000042bef00000)]
  0x0000014ab8735050 JavaThread "Unconstrained build operations Thread 74" [_thread_blocked, id=24276, stack(0x00000042bef00000,0x00000042bf000000)]
  0x0000014ab8736eb0 JavaThread "Unconstrained build operations Thread 75" [_thread_blocked, id=22112, stack(0x00000042bf000000,0x00000042bf100000)]
  0x0000014ab8736490 JavaThread "Unconstrained build operations Thread 76" [_thread_blocked, id=21376, stack(0x00000042bf100000,0x00000042bf200000)]
  0x0000014ab87373c0 JavaThread "Unconstrained build operations Thread 77" [_thread_blocked, id=4004, stack(0x00000042bf200000,0x00000042bf300000)]
  0x0000014ab8733c10 JavaThread "Unconstrained build operations Thread 78" [_thread_blocked, id=15776, stack(0x00000042bf300000,0x00000042bf400000)]
  0x0000014a8082ab10 JavaThread "Unconstrained build operations Thread 79" [_thread_blocked, id=12980, stack(0x00000042bf400000,0x00000042bf500000)]
  0x0000014a8082b020 JavaThread "Unconstrained build operations Thread 80" [_thread_blocked, id=20320, stack(0x00000042bf500000,0x00000042bf600000)]
  0x0000014a80827d80 JavaThread "Unconstrained build operations Thread 81" [_thread_blocked, id=4868, stack(0x00000042bf600000,0x00000042bf700000)]
  0x0000014a808291c0 JavaThread "Unconstrained build operations Thread 82" [_thread_blocked, id=13484, stack(0x00000042bf700000,0x00000042bf800000)]
  0x0000014a8082b530 JavaThread "Unconstrained build operations Thread 83" [_thread_blocked, id=14272, stack(0x00000042bf800000,0x00000042bf900000)]
  0x0000014a8082ba40 JavaThread "Unconstrained build operations Thread 84" [_thread_blocked, id=12452, stack(0x00000042bf900000,0x00000042bfa00000)]
  0x0000014a808287a0 JavaThread "Unconstrained build operations Thread 85" [_thread_blocked, id=10392, stack(0x00000042bfa00000,0x00000042bfb00000)]
  0x0000014a80829be0 JavaThread "Unconstrained build operations Thread 86" [_thread_blocked, id=14252, stack(0x00000042bfb00000,0x00000042bfc00000)]
  0x0000014a80828290 JavaThread "Unconstrained build operations Thread 87" [_thread_blocked, id=10132, stack(0x00000042bfc00000,0x00000042bfd00000)]
  0x0000014a8082bf50 JavaThread "Unconstrained build operations Thread 88" [_thread_blocked, id=8980, stack(0x00000042bfd00000,0x00000042bfe00000)]
  0x0000014a8082c460 JavaThread "Unconstrained build operations Thread 89" [_thread_blocked, id=18000, stack(0x00000042bfe00000,0x00000042bff00000)]
  0x0000014a8082a0f0 JavaThread "Unconstrained build operations Thread 90" [_thread_blocked, id=11908, stack(0x00000042bff00000,0x00000042c0000000)]
  0x0000014a80828cb0 JavaThread "Unconstrained build operations Thread 91" [_thread_blocked, id=15528, stack(0x00000042c0000000,0x00000042c0100000)]
  0x0000014a8082c970 JavaThread "Unconstrained build operations Thread 92" [_thread_blocked, id=20540, stack(0x00000042c0100000,0x00000042c0200000)]
  0x0000014a8082ce80 JavaThread "Unconstrained build operations Thread 93" [_thread_blocked, id=23608, stack(0x00000042c0200000,0x00000042c0300000)]
  0x0000014a808296d0 JavaThread "Unconstrained build operations Thread 94" [_thread_blocked, id=18908, stack(0x00000042c0300000,0x00000042c0400000)]
  0x0000014a8082d390 JavaThread "Unconstrained build operations Thread 95" [_thread_in_vm, id=21992, stack(0x00000042c0400000,0x00000042c0500000)]
  0x0000014a8082d8a0 JavaThread "Unconstrained build operations Thread 96" [_thread_blocked, id=12608, stack(0x00000042c0500000,0x00000042c0600000)]
  0x0000014a8082ddb0 JavaThread "Unconstrained build operations Thread 97" [_thread_blocked, id=1468, stack(0x00000042c0600000,0x00000042c0700000)]
  0x0000014a8082a600 JavaThread "Unconstrained build operations Thread 98" [_thread_blocked, id=21228, stack(0x00000042c0700000,0x00000042c0800000)]
  0x0000014a8082e2c0 JavaThread "Unconstrained build operations Thread 99" [_thread_blocked, id=14708, stack(0x00000042c0800000,0x00000042c0900000)]
  0x0000014a8082e7d0 JavaThread "Unconstrained build operations Thread 100" [_thread_blocked, id=5352, stack(0x00000042c0900000,0x00000042c0a00000)]
  0x0000014a8082ece0 JavaThread "Unconstrained build operations Thread 101" [_thread_blocked, id=2792, stack(0x00000042c0a00000,0x00000042c0b00000)]
  0x0000014a8082f1f0 JavaThread "Unconstrained build operations Thread 102" [_thread_blocked, id=10628, stack(0x00000042c0b00000,0x00000042c0c00000)]
  0x0000014a8082f700 JavaThread "Unconstrained build operations Thread 103" [_thread_blocked, id=25152, stack(0x00000042c0c00000,0x00000042c0d00000)]
  0x0000014a833f54b0 JavaThread "Unconstrained build operations Thread 104" [_thread_blocked, id=10964, stack(0x00000042c0e00000,0x00000042c0f00000)]
  0x0000014a833f1d00 JavaThread "Unconstrained build operations Thread 105" [_thread_blocked, id=3160, stack(0x00000042c0f00000,0x00000042c1000000)]
  0x0000014a833f59c0 JavaThread "Unconstrained build operations Thread 106" [_thread_blocked, id=12852, stack(0x00000042c1000000,0x00000042c1100000)]
  0x0000014a833f3650 JavaThread "Unconstrained build operations Thread 107" [_thread_blocked, id=8056, stack(0x00000042c1100000,0x00000042c1200000)]
  0x0000014a833f4a90 JavaThread "Unconstrained build operations Thread 108" [_thread_blocked, id=8896, stack(0x00000042c1200000,0x00000042c1300000)]
  0x0000014a833f2c30 JavaThread "Unconstrained build operations Thread 109" [_thread_blocked, id=10036, stack(0x00000042c1300000,0x00000042c1400000)]
  0x0000014a833f3b60 JavaThread "Unconstrained build operations Thread 110" [_thread_blocked, id=17420, stack(0x00000042c1400000,0x00000042c1500000)]
  0x0000014a833f3140 JavaThread "Unconstrained build operations Thread 111" [_thread_blocked, id=18380, stack(0x00000042c1500000,0x00000042c1600000)]
  0x0000014a833f2210 JavaThread "Unconstrained build operations Thread 112" [_thread_blocked, id=21684, stack(0x00000042c1600000,0x00000042c1700000)]
  0x0000014a833f4fa0 JavaThread "Unconstrained build operations Thread 113" [_thread_blocked, id=24656, stack(0x00000042c1700000,0x00000042c1800000)]
  0x0000014a833f5ed0 JavaThread "Unconstrained build operations Thread 114" [_thread_blocked, id=25816, stack(0x00000042c1800000,0x00000042c1900000)]
  0x0000014a833f4070 JavaThread "Unconstrained build operations Thread 115" [_thread_blocked, id=2788, stack(0x00000042c1900000,0x00000042c1a00000)]
  0x0000014a833f63e0 JavaThread "Unconstrained build operations Thread 116" [_thread_blocked, id=15164, stack(0x00000042c1a00000,0x00000042c1b00000)]
  0x0000014a833f4580 JavaThread "Unconstrained build operations Thread 117" [_thread_blocked, id=22960, stack(0x00000042c1b00000,0x00000042c1c00000)]
  0x0000014a833f2720 JavaThread "Unconstrained build operations Thread 118" [_thread_blocked, id=8488, stack(0x00000042c1c00000,0x00000042c1d00000)]
  0x0000014a833f8750 JavaThread "Unconstrained build operations Thread 119" [_thread_blocked, id=16276, stack(0x00000042c1d00000,0x00000042c1e00000)]
  0x0000014a833f6e00 JavaThread "Unconstrained build operations Thread 120" [_thread_blocked, id=15440, stack(0x00000042c1e00000,0x00000042c1f00000)]
  0x0000014a833f9680 JavaThread "Unconstrained build operations Thread 121" [_thread_blocked, id=3036, stack(0x00000042c1f00000,0x00000042c2000000)]
  0x0000014a833f68f0 JavaThread "Unconstrained build operations Thread 122" [_thread_blocked, id=16648, stack(0x00000042c2000000,0x00000042c2100000)]
  0x0000014a833f7310 JavaThread "Unconstrained build operations Thread 123" [_thread_blocked, id=9912, stack(0x00000042c2100000,0x00000042c2200000)]
  0x0000014a833f7820 JavaThread "Unconstrained build operations Thread 124" [_thread_blocked, id=5152, stack(0x00000042c2200000,0x00000042c2300000)]
  0x0000014a833f7d30 JavaThread "Unconstrained build operations Thread 125" [_thread_blocked, id=11588, stack(0x00000042c2300000,0x00000042c2400000)]
  0x0000014a833f8240 JavaThread "Unconstrained build operations Thread 126" [_thread_blocked, id=6696, stack(0x00000042c2400000,0x00000042c2500000)]
  0x0000014a833f8c60 JavaThread "Unconstrained build operations Thread 127" [_thread_blocked, id=23516, stack(0x00000042c2500000,0x00000042c2600000)]
  0x0000014a833f9170 JavaThread "Unconstrained build operations Thread 128" [_thread_blocked, id=2860, stack(0x00000042c2600000,0x00000042c2700000)]
  0x0000014a82aa7050 JavaThread "Unconstrained build operations Thread 129" [_thread_blocked, id=1372, stack(0x00000042c2700000,0x00000042c2800000)]
  0x0000014a82aa5700 JavaThread "Unconstrained build operations Thread 130" [_thread_blocked, id=26128, stack(0x00000042c2800000,0x00000042c2900000)]
  0x0000014a82aa7a70 JavaThread "Unconstrained build operations Thread 131" [_thread_blocked, id=10300, stack(0x00000042c2900000,0x00000042c2a00000)]
  0x0000014a82aa6630 JavaThread "Unconstrained build operations Thread 132" [_thread_blocked, id=20596, stack(0x00000042c2a00000,0x00000042c2b00000)]
  0x0000014a82aa7f80 JavaThread "Unconstrained build operations Thread 133" [_thread_blocked, id=16476, stack(0x00000042c2b00000,0x00000042c2c00000)]
  0x0000014a82aa6b40 JavaThread "Unconstrained build operations Thread 134" [_thread_blocked, id=2764, stack(0x00000042c2c00000,0x00000042c2d00000)]
  0x0000014a82aa8490 JavaThread "Unconstrained build operations Thread 135" [_thread_blocked, id=25240, stack(0x00000042c2d00000,0x00000042c2e00000)]
  0x0000014a82aa7560 JavaThread "Unconstrained build operations Thread 136" [_thread_blocked, id=3516, stack(0x00000042c2e00000,0x00000042c2f00000)]
  0x0000014a82aa4ce0 JavaThread "Unconstrained build operations Thread 137" [_thread_blocked, id=22036, stack(0x00000042c2f00000,0x00000042c3000000)]
  0x0000014a82aa89a0 JavaThread "Unconstrained build operations Thread 138" [_thread_blocked, id=6324, stack(0x00000042c3000000,0x00000042c3100000)]
  0x0000014a82aa51f0 JavaThread "Unconstrained build operations Thread 139" [_thread_blocked, id=11860, stack(0x00000042c3100000,0x00000042c3200000)]
  0x0000014a82aa8eb0 JavaThread "Unconstrained build operations Thread 140" [_thread_blocked, id=16620, stack(0x00000042c3200000,0x00000042c3300000)]
  0x0000014a82aa93c0 JavaThread "Unconstrained build operations Thread 141" [_thread_blocked, id=5124, stack(0x00000042c3300000,0x00000042c3400000)]
  0x0000014a82aa5c10 JavaThread "Unconstrained build operations Thread 142" [_thread_blocked, id=8296, stack(0x00000042c3400000,0x00000042c3500000)]
  0x0000014a82aa98d0 JavaThread "Unconstrained build operations Thread 143" [_thread_blocked, id=11540, stack(0x00000042c3500000,0x00000042c3600000)]
  0x0000014a82aa6120 JavaThread "Unconstrained build operations Thread 144" [_thread_blocked, id=2448, stack(0x00000042c3600000,0x00000042c3700000)]
  0x0000014a82aac150 JavaThread "Unconstrained build operations Thread 145" [_thread_blocked, id=17824, stack(0x00000042c3700000,0x00000042c3800000)]
  0x0000014a82aaad10 JavaThread "Unconstrained build operations Thread 146" [_thread_blocked, id=4776, stack(0x00000042c3800000,0x00000042c3900000)]
  0x0000014a82aab220 JavaThread "Unconstrained build operations Thread 147" [_thread_blocked, id=3628, stack(0x00000042c3900000,0x00000042c3a00000)]
  0x0000014a82aabc40 JavaThread "Unconstrained build operations Thread 148" [_thread_blocked, id=16504, stack(0x00000042c3a00000,0x00000042c3b00000)]
  0x0000014a82aa9de0 JavaThread "jar transforms Thread 4" [_thread_blocked, id=3052, stack(0x00000042c3c00000,0x00000042c3d00000)]
  0x0000014a82aaa2f0 JavaThread "jar transforms Thread 5" [_thread_blocked, id=16076, stack(0x00000042c3d00000,0x00000042c3e00000)]
  0x0000014a82aac660 JavaThread "jar transforms Thread 6" [_thread_blocked, id=1248, stack(0x00000042c3e00000,0x00000042c3f00000)]
  0x0000014a82aaa800 JavaThread "jar transforms Thread 7" [_thread_blocked, id=21288, stack(0x00000042c3f00000,0x00000042c4000000)]
  0x0000014a82aab730 JavaThread "jar transforms Thread 8" [_thread_blocked, id=19320, stack(0x00000042c4000000,0x00000042c4100000)]
  0x0000014a83d2ede0 JavaThread "jar transforms Thread 9" [_thread_blocked, id=20292, stack(0x00000042c4100000,0x00000042c4200000)]
  0x0000014a83d2f2f0 JavaThread "jar transforms Thread 10" [_thread_blocked, id=25512, stack(0x00000042c4200000,0x00000042c4300000)]
  0x0000014a83d2e3c0 JavaThread "jar transforms Thread 11" [_thread_blocked, id=16320, stack(0x00000042c4300000,0x00000042c4400000)]
  0x0000014a83d31150 JavaThread "jar transforms Thread 12" [_thread_blocked, id=24668, stack(0x00000042c4400000,0x00000042c4500000)]
  0x0000014a83d2f800 JavaThread "jar transforms Thread 13" [_thread_blocked, id=14448, stack(0x00000042c4500000,0x00000042c4600000)]
  0x0000014a83d2fd10 JavaThread "jar transforms Thread 14" [_thread_blocked, id=24552, stack(0x00000042c4600000,0x00000042c4700000)]
  0x0000014a83d30220 JavaThread "jar transforms Thread 15" [_thread_blocked, id=17268, stack(0x00000042c4700000,0x00000042c4800000)]
  0x0000014a83d30730 JavaThread "jar transforms Thread 16" [_thread_blocked, id=21316, stack(0x00000042c4800000,0x00000042c4900000)]
  0x0000014a83d31660 JavaThread "build event listener" [_thread_blocked, id=12532, stack(0x00000042c4900000,0x00000042c4a00000)]
  0x0000014a83d31b70 JavaThread "Memory manager" [_thread_blocked, id=9136, stack(0x00000042c4c00000,0x00000042c4d00000)]
  0x0000014a83d32590 JavaThread "build event listener" [_thread_blocked, id=26592, stack(0x00000042c4d00000,0x00000042c4e00000)]
  0x0000014a83d34e10 JavaThread "build event listener" [_thread_blocked, id=18208, stack(0x00000042c4e00000,0x00000042c4f00000)]
  0x0000014a86384570 JavaThread "included builds" [_thread_blocked, id=20060, stack(0x00000042c4f00000,0x00000042c5000000)]
  0x0000014a86388230 JavaThread "Execution worker" [_thread_blocked, id=9480, stack(0x00000042c5000000,0x00000042c5100000)]
  0x0000014a863859b0 JavaThread "Execution worker Thread 2" [_thread_blocked, id=15688, stack(0x00000042c5100000,0x00000042c5200000)]
  0x0000014a86384a80 JavaThread "Execution worker Thread 3" [_thread_blocked, id=6036, stack(0x00000042c5200000,0x00000042c5300000)]
  0x0000014a86388740 JavaThread "Execution worker Thread 4" [_thread_blocked, id=15404, stack(0x00000042c5300000,0x00000042c5400000)]
  0x0000014a86384f90 JavaThread "Execution worker Thread 5" [_thread_blocked, id=3744, stack(0x00000042c5400000,0x00000042c5500000)]
  0x0000014a86388c50 JavaThread "Execution worker Thread 6" [_thread_blocked, id=2976, stack(0x00000042c5500000,0x00000042c5600000)]
  0x0000014a86389160 JavaThread "Execution worker Thread 7" [_thread_blocked, id=10484, stack(0x00000042c5600000,0x00000042c5700000)]
  0x0000014a86389670 JavaThread "Execution worker Thread 8" [_thread_blocked, id=4684, stack(0x00000042c5700000,0x00000042c5800000)]
  0x0000014a86385ec0 JavaThread "Execution worker Thread 9" [_thread_blocked, id=6532, stack(0x00000042c5800000,0x00000042c5900000)]
  0x0000014a86389b80 JavaThread "Execution worker Thread 10" [_thread_blocked, id=19788, stack(0x00000042c5900000,0x00000042c5a00000)]
  0x0000014a863863d0 JavaThread "Execution worker Thread 11" [_thread_blocked, id=22964, stack(0x00000042c5a00000,0x00000042c5b00000)]
  0x0000014a8638afc0 JavaThread "Execution worker Thread 12" [_thread_blocked, id=23952, stack(0x00000042c5b00000,0x00000042c5c00000)]
  0x0000014a8638b4d0 JavaThread "Execution worker Thread 13" [_thread_blocked, id=19048, stack(0x00000042c5c00000,0x00000042c5d00000)]
  0x0000014a8638a090 JavaThread "Execution worker Thread 14" [_thread_blocked, id=3916, stack(0x00000042c5d00000,0x00000042c5e00000)]
  0x0000014a8638a5a0 JavaThread "Execution worker Thread 15" [_thread_blocked, id=24092, stack(0x00000042c5e00000,0x00000042c5f00000)]
  0x0000014a8638aab0 JavaThread "Unconstrained build operations Thread 149" [_thread_blocked, id=24132, stack(0x00000042c5f00000,0x00000042c6000000)]
  0x0000014a8638b9e0 JavaThread "Unconstrained build operations Thread 150" [_thread_blocked, id=7204, stack(0x00000042c6200000,0x00000042c6300000)]
  0x0000014a83d35830 JavaThread "Cache worker for execution history cache (C:\Users\adity.KARUNA\StudioProjects\Brahmi_Recognition\.gradle\8.0\executionHistory)" [_thread_blocked, id=25692, stack(0x00000042b7400000,0x00000042b7500000)]
  0x0000014a83d33ee0 JavaThread "Exec process" [_thread_blocked, id=17340, stack(0x00000042c3b00000,0x00000042c3c00000)]
  0x0000014a8044c9d0 JavaThread "Exec process Thread 2" [_thread_blocked, id=12384, stack(0x00000042c4a00000,0x00000042c4b00000)]
  0x0000014a8740a040 JavaThread "Exec process Thread 3" [_thread_blocked, id=16700, stack(0x00000042c4b00000,0x00000042c4c00000)]
  0x0000014a874077c0 JavaThread "WorkerExecutor Queue" [_thread_blocked, id=18128, stack(0x00000042c6300000,0x00000042c6400000)]
  0x0000014a87407cd0 JavaThread "WorkerExecutor Queue Thread 2" [_thread_blocked, id=13764, stack(0x00000042c6500000,0x00000042c6600000)]
  0x0000014a87409110 JavaThread "Unconstrained build operations Thread 151" [_thread_blocked, id=25432, stack(0x00000042c6800000,0x00000042c6900000)]
  0x0000014a87408c00 JavaThread "Unconstrained build operations Thread 152" [_thread_blocked, id=18880, stack(0x00000042c6900000,0x00000042c6a00000)]
  0x0000014a87406890 JavaThread "Unconstrained build operations Thread 153" [_thread_blocked, id=17688, stack(0x00000042c6a00000,0x00000042c6b00000)]
  0x0000014a874081e0 JavaThread "Unconstrained build operations Thread 154" [_thread_blocked, id=6700, stack(0x00000042c6b00000,0x00000042c6c00000)]
  0x0000014a874072b0 JavaThread "Unconstrained build operations Thread 155" [_thread_blocked, id=13024, stack(0x00000042c6c00000,0x00000042c6d00000)]
  0x0000014a8740a550 JavaThread "Unconstrained build operations Thread 156" [_thread_blocked, id=6888, stack(0x00000042c6d00000,0x00000042c6e00000)]
  0x0000014a87406da0 JavaThread "Unconstrained build operations Thread 157" [_thread_blocked, id=9692, stack(0x00000042c6e00000,0x00000042c6f00000)]
  0x0000014a8740bea0 JavaThread "Unconstrained build operations Thread 158" [_thread_blocked, id=12324, stack(0x00000042c7000000,0x00000042c7100000)]
  0x0000014a87409620 JavaThread "Unconstrained build operations Thread 159" [_thread_blocked, id=24448, stack(0x00000042c7100000,0x00000042c7200000)]
  0x0000014a8740aa60 JavaThread "Unconstrained build operations Thread 160" [_thread_blocked, id=3444, stack(0x00000042c7200000,0x00000042c7300000)]
  0x0000014a874086f0 JavaThread "WorkerExecutor Queue Thread 3" [_thread_blocked, id=436, stack(0x00000042c7400000,0x00000042c7500000)]
  0x0000014a8740cdd0 JavaThread "WorkerExecutor Queue Thread 4" [_thread_blocked, id=7908, stack(0x00000042c7800000,0x00000042c7900000)]
  0x0000014a8740d2e0 JavaThread "WorkerExecutor Queue Thread 5" [_thread_blocked, id=22360, stack(0x00000042c7900000,0x00000042c7a00000)]
  0x0000014a8740d7f0 JavaThread "WorkerExecutor Queue Thread 7" [_thread_blocked, id=23616, stack(0x00000042c7b00000,0x00000042c7c00000)]
  0x0000014a83d35320 JavaThread "WorkerExecutor Queue Thread 8" [_thread_blocked, id=8352, stack(0x00000042c7c00000,0x00000042c7d00000)]
  0x0000014a863854a0 JavaThread "WorkerExecutor Queue Thread 9" [_thread_blocked, id=12808, stack(0x00000042c7d00000,0x00000042c7e00000)]
  0x0000014a8625bc80 JavaThread "WorkerExecutor Queue Thread 10" [_thread_blocked, id=21572, stack(0x00000042c7e00000,0x00000042c7f00000)]
  0x0000014a8625a840 JavaThread "WorkerExecutor Queue Thread 12" [_thread_blocked, id=18932, stack(0x00000042c8000000,0x00000042c8100000)]
  0x0000014a8625ad50 JavaThread "WorkerExecutor Queue Thread 13" [_thread_blocked, id=23820, stack(0x00000042c8100000,0x00000042c8200000)]
  0x0000014a8625d0c0 JavaThread "WorkerExecutor Queue Thread 15" [_thread_blocked, id=1036, stack(0x00000042c8300000,0x00000042c8400000)]
  0x0000014a8625b260 JavaThread "WorkerExecutor Queue Thread 16" [_thread_blocked, id=7460, stack(0x00000042c8400000,0x00000042c8500000)]
  0x0000014a8625c6a0 JavaThread "Java2D Disposer" daemon [_thread_blocked, id=21452, stack(0x00000042c8600000,0x00000042c8700000)]
  0x0000014a86259e20 JavaThread "AWT-Windows" daemon [_thread_in_native, id=26392, stack(0x00000042c8800000,0x00000042c8900000)]
  0x0000014a8625ea10 JavaThread "WorkerExecutor Queue Thread 17" [_thread_blocked, id=11108, stack(0x00000042c8700000,0x00000042c8800000)]
  0x0000014a84503200 JavaThread "RMI Scheduler(0)" daemon [_thread_blocked, id=5148, stack(0x00000042c7300000,0x00000042c7400000)]
  0x0000014a84505a80 JavaThread "RMI RenewClean-[127.0.0.1:17529,org.jetbrains.kotlin.daemon.common.LoopbackNetworkInterface$ClientLoopbackSocketFactory@42a33b5a]" daemon [_thread_blocked, id=2092, stack(0x00000042c8a00000,0x00000042c8b00000)]
  0x0000014a84506ec0 JavaThread "RMI GC Daemon" daemon [_thread_blocked, id=21336, stack(0x00000042c8b00000,0x00000042c8c00000)]
  0x0000014a845064a0 JavaThread "RMI TCP Accept-0" daemon [_thread_in_native, id=20180, stack(0x00000042c8200000,0x00000042c8300000)]
  0x0000014a84505060 JavaThread "RMI Reaper" [_thread_blocked, id=25804, stack(0x00000042c8c00000,0x00000042c8d00000)]
  0x0000014a84505f90 JavaThread "RMI TCP Connection(1)-127.0.0.1" daemon [_thread_in_native, id=11176, stack(0x00000042c8d00000,0x00000042c8e00000)]
  0x0000014a84504640 JavaThread "WorkerExecutor Queue Thread 18" [_thread_blocked, id=4024, stack(0x00000042c0d00000,0x00000042c0e00000)]
  0x0000014a82ba7db0 JavaThread "C2 CompilerThread1" daemon [_thread_in_native, id=6964, stack(0x00000042c6400000,0x00000042c6500000)]
  0x0000014a84504b50 JavaThread "pool-3-thread-1" [_thread_blocked, id=15128, stack(0x00000042c7500000,0x00000042c7600000)]
  0x0000014a84507df0 JavaThread "stderr" [_thread_in_native, id=1376, stack(0x00000042c8500000,0x00000042c8600000)]
  0x0000014a84508810 JavaThread "stdout" [_thread_in_native, id=11900, stack(0x00000042c8900000,0x00000042c8a00000)]
  0x0000014a8450a160 JavaThread "WorkerExecutor Queue Thread 19" [_thread_blocked, id=17512, stack(0x00000042c6700000,0x00000042c6800000)]
  0x0000014a820c8eb0 JavaThread "C2 CompilerThread2" daemon [_thread_in_native, id=16660, stack(0x00000042c8e00000,0x00000042c8f00000)]
  0x0000014a820c8410 JavaThread "C2 CompilerThread3" daemon [_thread_in_native, id=7308, stack(0x00000042c8f00000,0x00000042c9000000)]
  0x0000014a820c9ea0 JavaThread "C2 CompilerThread4" daemon [_thread_in_native, id=15160, stack(0x00000042c9000000,0x00000042c9100000)]
=>0x0000014a820ca3f0 JavaThread "C2 CompilerThread5" daemon [_thread_in_native, id=10000, stack(0x00000042c9100000,0x00000042c9200000)]
  0x0000014a820c8960 JavaThread "C2 CompilerThread6" daemon [_thread_in_native, id=8616, stack(0x00000042c9400000,0x00000042c9500000)]
  0x0000014a8f281460 JavaThread "C2 CompilerThread7" daemon [_thread_in_native, id=23496, stack(0x00000042c7a00000,0x00000042c7b00000)]

Other Threads:
  0x0000014ab7f10b00 VMThread "VM Thread" [stack: 0x00000042b6a00000,0x00000042b6b00000] [id=4012]
  0x0000014ab879c710 WatcherThread [stack: 0x00000042b7700000,0x00000042b7800000] [id=23472]
  0x0000014a9d173a10 GCTaskThread "GC Thread#0" [stack: 0x00000042b6500000,0x00000042b6600000] [id=14900]
  0x0000014afebd5a00 GCTaskThread "GC Thread#1" [stack: 0x00000042b7c00000,0x00000042b7d00000] [id=12644]
  0x0000014afebd5cc0 GCTaskThread "GC Thread#2" [stack: 0x00000042b7d00000,0x00000042b7e00000] [id=452]
  0x0000014afebd5f80 GCTaskThread "GC Thread#3" [stack: 0x00000042b7e00000,0x00000042b7f00000] [id=23680]
  0x0000014afebd6240 GCTaskThread "GC Thread#4" [stack: 0x00000042b7f00000,0x00000042b8000000] [id=11384]
  0x0000014afebd6500 GCTaskThread "GC Thread#5" [stack: 0x00000042b8000000,0x00000042b8100000] [id=23712]
  0x0000014a81f6e5c0 GCTaskThread "GC Thread#6" [stack: 0x00000042b9400000,0x00000042b9500000] [id=21688]
  0x0000014a8064d8f0 GCTaskThread "GC Thread#7" [stack: 0x00000042b9500000,0x00000042b9600000] [id=22320]
  0x0000014a8123d810 GCTaskThread "GC Thread#8" [stack: 0x00000042b9600000,0x00000042b9700000] [id=14316]
  0x0000014a8123dad0 GCTaskThread "GC Thread#9" [stack: 0x00000042b9700000,0x00000042b9800000] [id=15252]
  0x0000014a813881d0 GCTaskThread "GC Thread#10" [stack: 0x00000042b9800000,0x00000042b9900000] [id=11552]
  0x0000014a81388490 GCTaskThread "GC Thread#11" [stack: 0x00000042b9900000,0x00000042b9a00000] [id=4740]
  0x0000014a81388750 GCTaskThread "GC Thread#12" [stack: 0x00000042b9a00000,0x00000042b9b00000] [id=21200]
  0x0000014a9d185540 ConcurrentGCThread "G1 Main Marker" [stack: 0x00000042b6600000,0x00000042b6700000] [id=13740]
  0x0000014a9d185e70 ConcurrentGCThread "G1 Conc#0" [stack: 0x00000042b6700000,0x00000042b6800000] [id=16004]
  0x0000014a814a7dd0 ConcurrentGCThread "G1 Conc#1" [stack: 0x00000042b9b00000,0x00000042b9c00000] [id=8624]
  0x0000014a814a7590 ConcurrentGCThread "G1 Conc#2" [stack: 0x00000042b9c00000,0x00000042b9d00000] [id=14904]
  0x0000014a9d1cd840 ConcurrentGCThread "G1 Refine#0" [stack: 0x00000042b6800000,0x00000042b6900000] [id=17932]
  0x0000014a8280a9c0 ConcurrentGCThread "G1 Refine#1" [stack: 0x00000042ba200000,0x00000042ba300000] [id=14592]
  0x0000014a82d199a0 ConcurrentGCThread "G1 Refine#2" [stack: 0x00000042ba300000,0x00000042ba400000] [id=15000]
  0x0000014a81f69ec0 ConcurrentGCThread "G1 Refine#3" [stack: 0x00000042ba400000,0x00000042ba500000] [id=21532]
  0x0000014a833fb780 ConcurrentGCThread "G1 Refine#4" [stack: 0x00000042c7600000,0x00000042c7700000] [id=15852]
  0x0000014a834d2a50 ConcurrentGCThread "G1 Refine#5" [stack: 0x00000042c7700000,0x00000042c7800000] [id=16440]
  0x0000014a9d1ce020 ConcurrentGCThread "G1 Service" [stack: 0x00000042b6900000,0x00000042b6a00000] [id=22616]

Threads with active compile tasks:
C2 CompilerThread0    46384 26803       4       com.android.tools.r8.graph.H0::a (1039 bytes)
C2 CompilerThread1    46384 26609 %     4       com.android.tools.r8.ir.regalloc.b::a @ 14 (1831 bytes)
C2 CompilerThread2    46384 26848       4       com.android.tools.r8.internal.gl::a (2961 bytes)
C2 CompilerThread3    46384 26829       4       com.android.tools.r8.ir.regalloc.c::a (294 bytes)
C2 CompilerThread4    46384 26868 %     4       com.android.tools.r8.ir.regalloc.b::c @ 2074 (4041 bytes)
C2 CompilerThread5    46384 26754       4       com.android.tools.r8.internal.Z10::a (66 bytes)
C2 CompilerThread6    46384 26795       4       com.android.tools.r8.ir.regalloc.b::a (270 bytes)
C2 CompilerThread7    46384 26843       4       com.android.tools.r8.internal.A8::a (1090 bytes)

VM state: not at safepoint (normal execution)

VM Mutex/Monitor currently owned by a thread: None

Heap address: 0x0000000080000000, size: 2048 MB, Compressed Oops mode: 32-bit

CDS archive(s) mapped at: [0x0000014ab9000000-0x0000014ab9c00000-0x0000014ab9c00000), size 12582912, SharedBaseAddress: 0x0000014ab9000000, ArchiveRelocationMode: 1.
Compressed class space mapped at: 0x0000014aba000000-0x0000014afa000000, reserved size: 1073741824
Narrow klass base: 0x0000014ab9000000, Narrow klass shift: 0, Narrow klass range: 0x100000000

GC Precious Log:
 CPUs: 16 total, 16 available
 Memory: 16200M
 Large Page Support: Disabled
 NUMA Support: Disabled
 Compressed Oops: Enabled (32-bit)
 Heap Region Size: 1M
 Heap Min Capacity: 8M
 Heap Initial Capacity: 254M
 Heap Max Capacity: 2G
 Pre-touch: Disabled
 Parallel Workers: 13
 Concurrent Workers: 3
 Concurrent Refinement Workers: 13
 Periodic GC: Disabled

Heap:
 garbage-first heap   total 402432K, used 263318K [0x0000000080000000, 0x0000000100000000)
  region size 1024K, 33 young (33792K), 2 survivors (2048K)
 Metaspace       used 142407K, committed 143552K, reserved 1179648K
  class space    used 19081K, committed 19648K, reserved 1048576K

Heap Regions: E=young(eden), S=young(survivor), O=old, HS=humongous(starts), HC=humongous(continues), CS=collection set, F=free, OA=open archive, CA=closed archive, TAMS=top-at-mark-start (previous, next)
|   0|0x0000000080000000, 0x0000000080100000, 0x0000000080100000|100%|HS|  |TAMS 0x0000000080100000, 0x0000000080000000| Complete 
|   1|0x0000000080100000, 0x0000000080200000, 0x0000000080200000|100%|HC|  |TAMS 0x0000000080200000, 0x0000000080100000| Complete 
|   2|0x0000000080200000, 0x0000000080300000, 0x0000000080300000|100%|HC|  |TAMS 0x0000000080300000, 0x0000000080200000| Complete 
|   3|0x0000000080300000, 0x0000000080400000, 0x0000000080400000|100%|HC|  |TAMS 0x0000000080400000, 0x0000000080300000| Complete 
|   4|0x0000000080400000, 0x0000000080500000, 0x0000000080500000|100%| O|  |TAMS 0x0000000080500000, 0x0000000080400000| Untracked 
|   5|0x0000000080500000, 0x0000000080600000, 0x0000000080600000|100%| O|  |TAMS 0x0000000080600000, 0x0000000080500000| Untracked 
|   6|0x0000000080600000, 0x0000000080700000, 0x0000000080700000|100%| O|  |TAMS 0x0000000080700000, 0x0000000080600000| Untracked 
|   7|0x0000000080700000, 0x0000000080800000, 0x0000000080800000|100%| O|  |TAMS 0x0000000080800000, 0x0000000080700000| Untracked 
|   8|0x0000000080800000, 0x0000000080900000, 0x0000000080900000|100%| O|  |TAMS 0x0000000080900000, 0x0000000080800000| Untracked 
|   9|0x0000000080900000, 0x0000000080a00000, 0x0000000080a00000|100%| O|  |TAMS 0x0000000080a00000, 0x0000000080900000| Untracked 
|  10|0x0000000080a00000, 0x0000000080b00000, 0x0000000080b00000|100%| O|  |TAMS 0x0000000080b00000, 0x0000000080a00000| Untracked 
|  11|0x0000000080b00000, 0x0000000080c00000, 0x0000000080c00000|100%| O|  |TAMS 0x0000000080c00000, 0x0000000080b00000| Untracked 
|  12|0x0000000080c00000, 0x0000000080d00000, 0x0000000080d00000|100%| O|  |TAMS 0x0000000080d00000, 0x0000000080c00000| Untracked 
|  13|0x0000000080d00000, 0x0000000080e00000, 0x0000000080e00000|100%| O|  |TAMS 0x0000000080e00000, 0x0000000080d00000| Untracked 
|  14|0x0000000080e00000, 0x0000000080f00000, 0x0000000080f00000|100%| O|  |TAMS 0x0000000080f00000, 0x0000000080e00000| Untracked 
|  15|0x0000000080f00000, 0x0000000081000000, 0x0000000081000000|100%| O|  |TAMS 0x0000000081000000, 0x0000000080f00000| Untracked 
|  16|0x0000000081000000, 0x0000000081100000, 0x0000000081100000|100%| O|  |TAMS 0x0000000081100000, 0x0000000081000000| Untracked 
|  17|0x0000000081100000, 0x0000000081200000, 0x0000000081200000|100%| O|  |TAMS 0x0000000081200000, 0x0000000081100000| Untracked 
|  18|0x0000000081200000, 0x0000000081300000, 0x0000000081300000|100%| O|  |TAMS 0x0000000081300000, 0x0000000081200000| Untracked 
|  19|0x0000000081300000, 0x0000000081400000, 0x0000000081400000|100%| O|  |TAMS 0x0000000081400000, 0x0000000081300000| Untracked 
|  20|0x0000000081400000, 0x0000000081500000, 0x0000000081500000|100%| O|  |TAMS 0x0000000081500000, 0x0000000081400000| Untracked 
|  21|0x0000000081500000, 0x0000000081600000, 0x0000000081600000|100%| O|  |TAMS 0x0000000081600000, 0x0000000081500000| Untracked 
|  22|0x0000000081600000, 0x0000000081700000, 0x0000000081700000|100%| O|  |TAMS 0x0000000081700000, 0x0000000081600000| Untracked 
|  23|0x0000000081700000, 0x0000000081800000, 0x0000000081800000|100%| O|  |TAMS 0x0000000081800000, 0x0000000081700000| Untracked 
|  24|0x0000000081800000, 0x0000000081900000, 0x0000000081900000|100%| O|  |TAMS 0x0000000081900000, 0x0000000081800000| Untracked 
|  25|0x0000000081900000, 0x0000000081a00000, 0x0000000081a00000|100%| O|  |TAMS 0x0000000081a00000, 0x0000000081900000| Untracked 
|  26|0x0000000081a00000, 0x0000000081b00000, 0x0000000081b00000|100%| O|  |TAMS 0x0000000081a00000, 0x0000000081a00000| Untracked 
|  27|0x0000000081b00000, 0x0000000081c00000, 0x0000000081c00000|100%| O|  |TAMS 0x0000000081c00000, 0x0000000081b00000| Untracked 
|  28|0x0000000081c00000, 0x0000000081d00000, 0x0000000081d00000|100%| O|  |TAMS 0x0000000081d00000, 0x0000000081c00000| Untracked 
|  29|0x0000000081d00000, 0x0000000081e00000, 0x0000000081e00000|100%| O|  |TAMS 0x0000000081e00000, 0x0000000081d00000| Untracked 
|  30|0x0000000081e00000, 0x0000000081f00000, 0x0000000081f00000|100%| O|  |TAMS 0x0000000081f00000, 0x0000000081e00000| Untracked 
|  31|0x0000000081f00000, 0x0000000082000000, 0x0000000082000000|100%| O|  |TAMS 0x0000000082000000, 0x0000000081f00000| Untracked 
|  32|0x0000000082000000, 0x0000000082100000, 0x0000000082100000|100%| O|  |TAMS 0x0000000082100000, 0x0000000082000000| Untracked 
|  33|0x0000000082100000, 0x0000000082200000, 0x0000000082200000|100%| O|  |TAMS 0x0000000082200000, 0x0000000082100000| Untracked 
|  34|0x0000000082200000, 0x0000000082300000, 0x0000000082300000|100%|HS|  |TAMS 0x0000000082300000, 0x0000000082200000| Complete 
|  35|0x0000000082300000, 0x0000000082400000, 0x0000000082400000|100%|HS|  |TAMS 0x0000000082400000, 0x0000000082300000| Complete 
|  36|0x0000000082400000, 0x0000000082500000, 0x0000000082500000|100%|HC|  |TAMS 0x0000000082500000, 0x0000000082400000| Complete 
|  37|0x0000000082500000, 0x0000000082600000, 0x0000000082600000|100%|HS|  |TAMS 0x0000000082600000, 0x0000000082500000| Complete 
|  38|0x0000000082600000, 0x0000000082700000, 0x0000000082700000|100%|HS|  |TAMS 0x0000000082700000, 0x0000000082600000| Complete 
|  39|0x0000000082700000, 0x0000000082800000, 0x0000000082800000|100%|HS|  |TAMS 0x0000000082800000, 0x0000000082700000| Complete 
|  40|0x0000000082800000, 0x0000000082900000, 0x0000000082900000|100%|HC|  |TAMS 0x0000000082900000, 0x0000000082800000| Complete 
|  41|0x0000000082900000, 0x0000000082a00000, 0x0000000082a00000|100%|HC|  |TAMS 0x0000000082a00000, 0x0000000082900000| Complete 
|  42|0x0000000082a00000, 0x0000000082b00000, 0x0000000082b00000|100%|HC|  |TAMS 0x0000000082b00000, 0x0000000082a00000| Complete 
|  43|0x0000000082b00000, 0x0000000082c00000, 0x0000000082c00000|100%| O|  |TAMS 0x0000000082c00000, 0x0000000082b00000| Untracked 
|  44|0x0000000082c00000, 0x0000000082d00000, 0x0000000082d00000|100%| O|  |TAMS 0x0000000082d00000, 0x0000000082c00000| Untracked 
|  45|0x0000000082d00000, 0x0000000082e00000, 0x0000000082e00000|100%| O|  |TAMS 0x0000000082e00000, 0x0000000082d00000| Untracked 
|  46|0x0000000082e00000, 0x0000000082f00000, 0x0000000082f00000|100%| O|  |TAMS 0x0000000082f00000, 0x0000000082e00000| Untracked 
|  47|0x0000000082f00000, 0x0000000083000000, 0x0000000083000000|100%| O|  |TAMS 0x0000000083000000, 0x0000000082f00000| Untracked 
|  48|0x0000000083000000, 0x0000000083100000, 0x0000000083100000|100%| O|  |TAMS 0x0000000083100000, 0x0000000083000000| Untracked 
|  49|0x0000000083100000, 0x0000000083200000, 0x0000000083200000|100%| O|  |TAMS 0x0000000083200000, 0x0000000083100000| Untracked 
|  50|0x0000000083200000, 0x0000000083300000, 0x0000000083300000|100%| O|  |TAMS 0x0000000083300000, 0x0000000083200000| Untracked 
|  51|0x0000000083300000, 0x0000000083400000, 0x0000000083400000|100%| O|  |TAMS 0x0000000083400000, 0x0000000083300000| Untracked 
|  52|0x0000000083400000, 0x0000000083500000, 0x0000000083500000|100%| O|  |TAMS 0x0000000083500000, 0x0000000083400000| Untracked 
|  53|0x0000000083500000, 0x0000000083600000, 0x0000000083600000|100%| O|  |TAMS 0x0000000083600000, 0x0000000083500000| Untracked 
|  54|0x0000000083600000, 0x0000000083700000, 0x0000000083700000|100%| O|  |TAMS 0x0000000083700000, 0x0000000083600000| Untracked 
|  55|0x0000000083700000, 0x0000000083800000, 0x0000000083800000|100%| O|  |TAMS 0x0000000083800000, 0x0000000083700000| Untracked 
|  56|0x0000000083800000, 0x0000000083900000, 0x0000000083900000|100%| O|  |TAMS 0x0000000083900000, 0x0000000083800000| Untracked 
|  57|0x0000000083900000, 0x0000000083a00000, 0x0000000083a00000|100%| O|  |TAMS 0x0000000083a00000, 0x0000000083900000| Untracked 
|  58|0x0000000083a00000, 0x0000000083b00000, 0x0000000083b00000|100%| O|  |TAMS 0x0000000083b00000, 0x0000000083a00000| Untracked 
|  59|0x0000000083b00000, 0x0000000083c00000, 0x0000000083c00000|100%| O|  |TAMS 0x0000000083c00000, 0x0000000083b00000| Untracked 
|  60|0x0000000083c00000, 0x0000000083d00000, 0x0000000083d00000|100%| O|  |TAMS 0x0000000083d00000, 0x0000000083c00000| Untracked 
|  61|0x0000000083d00000, 0x0000000083e00000, 0x0000000083e00000|100%| O|  |TAMS 0x0000000083e00000, 0x0000000083d00000| Untracked 
|  62|0x0000000083e00000, 0x0000000083f00000, 0x0000000083f00000|100%| O|  |TAMS 0x0000000083f00000, 0x0000000083e00000| Untracked 
|  63|0x0000000083f00000, 0x0000000084000000, 0x0000000084000000|100%| O|  |TAMS 0x0000000084000000, 0x0000000083f00000| Untracked 
|  64|0x0000000084000000, 0x0000000084100000, 0x0000000084100000|100%| O|  |TAMS 0x0000000084100000, 0x0000000084000000| Untracked 
|  65|0x0000000084100000, 0x0000000084200000, 0x0000000084200000|100%| O|  |TAMS 0x0000000084200000, 0x0000000084100000| Untracked 
|  66|0x0000000084200000, 0x0000000084300000, 0x0000000084300000|100%| O|  |TAMS 0x0000000084300000, 0x0000000084200000| Untracked 
|  67|0x0000000084300000, 0x0000000084400000, 0x0000000084400000|100%| O|  |TAMS 0x0000000084400000, 0x0000000084300000| Untracked 
|  68|0x0000000084400000, 0x0000000084500000, 0x0000000084500000|100%| O|  |TAMS 0x0000000084500000, 0x0000000084400000| Untracked 
|  69|0x0000000084500000, 0x0000000084600000, 0x0000000084600000|100%| O|  |TAMS 0x0000000084600000, 0x0000000084500000| Untracked 
|  70|0x0000000084600000, 0x0000000084700000, 0x0000000084700000|100%| O|  |TAMS 0x0000000084700000, 0x0000000084600000| Untracked 
|  71|0x0000000084700000, 0x0000000084800000, 0x0000000084800000|100%| O|  |TAMS 0x0000000084800000, 0x0000000084700000| Untracked 
|  72|0x0000000084800000, 0x0000000084900000, 0x0000000084900000|100%| O|  |TAMS 0x0000000084900000, 0x0000000084800000| Untracked 
|  73|0x0000000084900000, 0x0000000084a00000, 0x0000000084a00000|100%| O|  |TAMS 0x0000000084a00000, 0x0000000084900000| Untracked 
|  74|0x0000000084a00000, 0x0000000084b00000, 0x0000000084b00000|100%| O|  |TAMS 0x0000000084b00000, 0x0000000084a00000| Untracked 
|  75|0x0000000084b00000, 0x0000000084c00000, 0x0000000084c00000|100%| O|  |TAMS 0x0000000084c00000, 0x0000000084b00000| Untracked 
|  76|0x0000000084c00000, 0x0000000084d00000, 0x0000000084d00000|100%| O|  |TAMS 0x0000000084c00000, 0x0000000084c00000| Untracked 
|  77|0x0000000084d00000, 0x0000000084e00000, 0x0000000084e00000|100%| O|  |TAMS 0x0000000084e00000, 0x0000000084d00000| Untracked 
|  78|0x0000000084e00000, 0x0000000084f00000, 0x0000000084f00000|100%| O|  |TAMS 0x0000000084f00000, 0x0000000084e00000| Untracked 
|  79|0x0000000084f00000, 0x0000000085000000, 0x0000000085000000|100%| O|  |TAMS 0x0000000085000000, 0x0000000084f00000| Untracked 
|  80|0x0000000085000000, 0x0000000085100000, 0x0000000085100000|100%| O|  |TAMS 0x0000000085100000, 0x0000000085000000| Untracked 
|  81|0x0000000085100000, 0x0000000085200000, 0x0000000085200000|100%| O|  |TAMS 0x0000000085200000, 0x0000000085100000| Untracked 
|  82|0x0000000085200000, 0x0000000085300000, 0x0000000085300000|100%| O|  |TAMS 0x0000000085300000, 0x0000000085200000| Untracked 
|  83|0x0000000085300000, 0x0000000085400000, 0x0000000085400000|100%| O|  |TAMS 0x0000000085400000, 0x0000000085300000| Untracked 
|  84|0x0000000085400000, 0x0000000085500000, 0x0000000085500000|100%| O|  |TAMS 0x0000000085500000, 0x0000000085400000| Untracked 
|  85|0x0000000085500000, 0x0000000085600000, 0x0000000085600000|100%| O|  |TAMS 0x0000000085600000, 0x0000000085500000| Untracked 
|  86|0x0000000085600000, 0x0000000085700000, 0x0000000085700000|100%| O|  |TAMS 0x0000000085700000, 0x0000000085600000| Untracked 
|  87|0x0000000085700000, 0x0000000085800000, 0x0000000085800000|100%| O|  |TAMS 0x0000000085800000, 0x0000000085700000| Untracked 
|  88|0x0000000085800000, 0x0000000085900000, 0x0000000085900000|100%| O|  |TAMS 0x0000000085900000, 0x0000000085800000| Untracked 
|  89|0x0000000085900000, 0x0000000085a00000, 0x0000000085a00000|100%| O|  |TAMS 0x0000000085a00000, 0x0000000085900000| Untracked 
|  90|0x0000000085a00000, 0x0000000085b00000, 0x0000000085b00000|100%| O|  |TAMS 0x0000000085b00000, 0x0000000085a00000| Untracked 
|  91|0x0000000085b00000, 0x0000000085c00000, 0x0000000085c00000|100%| O|  |TAMS 0x0000000085c00000, 0x0000000085b00000| Untracked 
|  92|0x0000000085c00000, 0x0000000085d00000, 0x0000000085d00000|100%| O|  |TAMS 0x0000000085d00000, 0x0000000085c00000| Untracked 
|  93|0x0000000085d00000, 0x0000000085e00000, 0x0000000085e00000|100%| O|  |TAMS 0x0000000085d00000, 0x0000000085d00000| Untracked 
|  94|0x0000000085e00000, 0x0000000085f00000, 0x0000000085f00000|100%| O|  |TAMS 0x0000000085f00000, 0x0000000085e00000| Untracked 
|  95|0x0000000085f00000, 0x0000000086000000, 0x0000000086000000|100%| O|  |TAMS 0x0000000085f00000, 0x0000000085f00000| Untracked 
|  96|0x0000000086000000, 0x0000000086100000, 0x0000000086100000|100%| O|  |TAMS 0x0000000086000000, 0x0000000086000000| Untracked 
|  97|0x0000000086100000, 0x0000000086200000, 0x0000000086200000|100%| O|  |TAMS 0x0000000086100000, 0x0000000086100000| Untracked 
|  98|0x0000000086200000, 0x0000000086300000, 0x0000000086300000|100%| O|  |TAMS 0x0000000086200000, 0x0000000086200000| Untracked 
|  99|0x0000000086300000, 0x0000000086400000, 0x0000000086400000|100%| O|  |TAMS 0x0000000086300000, 0x0000000086300000| Untracked 
| 100|0x0000000086400000, 0x0000000086500000, 0x0000000086500000|100%|HS|  |TAMS 0x0000000086500000, 0x0000000086400000| Complete 
| 101|0x0000000086500000, 0x0000000086600000, 0x0000000086600000|100%|HC|  |TAMS 0x0000000086600000, 0x0000000086500000| Complete 
| 102|0x0000000086600000, 0x0000000086700000, 0x0000000086700000|100%| O|  |TAMS 0x0000000086700000, 0x0000000086600000| Untracked 
| 103|0x0000000086700000, 0x0000000086800000, 0x0000000086800000|100%| O|  |TAMS 0x0000000086800000, 0x0000000086700000| Untracked 
| 104|0x0000000086800000, 0x0000000086900000, 0x0000000086900000|100%| O|  |TAMS 0x0000000086900000, 0x0000000086800000| Untracked 
| 105|0x0000000086900000, 0x0000000086a00000, 0x0000000086a00000|100%| O|  |TAMS 0x0000000086a00000, 0x0000000086900000| Untracked 
| 106|0x0000000086a00000, 0x0000000086b00000, 0x0000000086b00000|100%| O|  |TAMS 0x0000000086b00000, 0x0000000086a00000| Untracked 
| 107|0x0000000086b00000, 0x0000000086c00000, 0x0000000086c00000|100%| O|  |TAMS 0x0000000086c00000, 0x0000000086b00000| Untracked 
| 108|0x0000000086c00000, 0x0000000086d00000, 0x0000000086d00000|100%| O|  |TAMS 0x0000000086d00000, 0x0000000086c00000| Untracked 
| 109|0x0000000086d00000, 0x0000000086e00000, 0x0000000086e00000|100%| O|  |TAMS 0x0000000086e00000, 0x0000000086d00000| Untracked 
| 110|0x0000000086e00000, 0x0000000086f00000, 0x0000000086f00000|100%| O|  |TAMS 0x0000000086f00000, 0x0000000086e00000| Untracked 
| 111|0x0000000086f00000, 0x0000000087000000, 0x0000000087000000|100%| O|  |TAMS 0x0000000087000000, 0x0000000086f00000| Untracked 
| 112|0x0000000087000000, 0x0000000087100000, 0x0000000087100000|100%| O|  |TAMS 0x000000008708a200, 0x0000000087000000| Untracked 
| 113|0x0000000087100000, 0x0000000087200000, 0x0000000087200000|100%| O|  |TAMS 0x0000000087100000, 0x0000000087100000| Untracked 
| 114|0x0000000087200000, 0x0000000087300000, 0x0000000087300000|100%| O|  |TAMS 0x0000000087200000, 0x0000000087200000| Untracked 
| 115|0x0000000087300000, 0x0000000087400000, 0x0000000087400000|100%|HS|  |TAMS 0x0000000087400000, 0x0000000087300000| Complete 
| 116|0x0000000087400000, 0x0000000087500000, 0x0000000087500000|100%| O|  |TAMS 0x0000000087400000, 0x0000000087400000| Untracked 
| 117|0x0000000087500000, 0x0000000087600000, 0x0000000087600000|100%| O|  |TAMS 0x0000000087500000, 0x0000000087500000| Untracked 
| 118|0x0000000087600000, 0x0000000087700000, 0x0000000087700000|100%| O|  |TAMS 0x0000000087600000, 0x0000000087600000| Untracked 
| 119|0x0000000087700000, 0x0000000087800000, 0x0000000087800000|100%| O|  |TAMS 0x0000000087700000, 0x0000000087700000| Untracked 
| 120|0x0000000087800000, 0x0000000087900000, 0x0000000087900000|100%| O|  |TAMS 0x0000000087800000, 0x0000000087800000| Untracked 
| 121|0x0000000087900000, 0x0000000087a00000, 0x0000000087a00000|100%| O|  |TAMS 0x0000000087900000, 0x0000000087900000| Untracked 
| 122|0x0000000087a00000, 0x0000000087b00000, 0x0000000087b00000|100%| O|  |TAMS 0x0000000087a00000, 0x0000000087a00000| Untracked 
| 123|0x0000000087b00000, 0x0000000087c00000, 0x0000000087c00000|100%| O|  |TAMS 0x0000000087b00000, 0x0000000087b00000| Untracked 
| 124|0x0000000087c00000, 0x0000000087d00000, 0x0000000087d00000|100%| O|  |TAMS 0x0000000087c00000, 0x0000000087c00000| Untracked 
| 125|0x0000000087d00000, 0x0000000087e00000, 0x0000000087e00000|100%| O|  |TAMS 0x0000000087d00000, 0x0000000087d00000| Untracked 
| 126|0x0000000087e00000, 0x0000000087f00000, 0x0000000087f00000|100%| O|  |TAMS 0x0000000087e00000, 0x0000000087e00000| Untracked 
| 127|0x0000000087f00000, 0x0000000088000000, 0x0000000088000000|100%| O|  |TAMS 0x0000000087f00000, 0x0000000087f00000| Untracked 
| 128|0x0000000088000000, 0x0000000088100000, 0x0000000088100000|100%| O|  |TAMS 0x0000000088000000, 0x0000000088000000| Untracked 
| 129|0x0000000088100000, 0x0000000088200000, 0x0000000088200000|100%| O|  |TAMS 0x0000000088100000, 0x0000000088100000| Untracked 
| 130|0x0000000088200000, 0x0000000088300000, 0x0000000088300000|100%| O|  |TAMS 0x0000000088200000, 0x0000000088200000| Untracked 
| 131|0x0000000088300000, 0x0000000088400000, 0x0000000088400000|100%| O|  |TAMS 0x0000000088300000, 0x0000000088300000| Untracked 
| 132|0x0000000088400000, 0x0000000088500000, 0x0000000088500000|100%| O|  |TAMS 0x0000000088400000, 0x0000000088400000| Untracked 
| 133|0x0000000088500000, 0x0000000088600000, 0x0000000088600000|100%| O|  |TAMS 0x0000000088500000, 0x0000000088500000| Untracked 
| 134|0x0000000088600000, 0x0000000088700000, 0x0000000088700000|100%| O|  |TAMS 0x0000000088600000, 0x0000000088600000| Untracked 
| 135|0x0000000088700000, 0x0000000088800000, 0x0000000088800000|100%| O|  |TAMS 0x0000000088700000, 0x0000000088700000| Untracked 
| 136|0x0000000088800000, 0x0000000088900000, 0x0000000088900000|100%| O|  |TAMS 0x0000000088800000, 0x0000000088800000| Untracked 
| 137|0x0000000088900000, 0x0000000088a00000, 0x0000000088a00000|100%| O|  |TAMS 0x0000000088900000, 0x0000000088900000| Untracked 
| 138|0x0000000088a00000, 0x0000000088b00000, 0x0000000088b00000|100%| O|  |TAMS 0x0000000088a00000, 0x0000000088a00000| Untracked 
| 139|0x0000000088b00000, 0x0000000088c00000, 0x0000000088c00000|100%| O|  |TAMS 0x0000000088b00000, 0x0000000088b00000| Untracked 
| 140|0x0000000088c00000, 0x0000000088d00000, 0x0000000088d00000|100%| O|  |TAMS 0x0000000088c00000, 0x0000000088c00000| Untracked 
| 141|0x0000000088d00000, 0x0000000088e00000, 0x0000000088e00000|100%| O|  |TAMS 0x0000000088d00000, 0x0000000088d00000| Untracked 
| 142|0x0000000088e00000, 0x0000000088f00000, 0x0000000088f00000|100%| O|  |TAMS 0x0000000088e00000, 0x0000000088e00000| Untracked 
| 143|0x0000000088f00000, 0x0000000089000000, 0x0000000089000000|100%| O|  |TAMS 0x0000000088f00000, 0x0000000088f00000| Untracked 
| 144|0x0000000089000000, 0x0000000089100000, 0x0000000089100000|100%| O|  |TAMS 0x0000000089000000, 0x0000000089000000| Untracked 
| 145|0x0000000089100000, 0x0000000089200000, 0x0000000089200000|100%| O|  |TAMS 0x0000000089100000, 0x0000000089100000| Untracked 
| 146|0x0000000089200000, 0x0000000089300000, 0x0000000089300000|100%| O|  |TAMS 0x0000000089200000, 0x0000000089200000| Untracked 
| 147|0x0000000089300000, 0x0000000089400000, 0x0000000089400000|100%| O|  |TAMS 0x0000000089300000, 0x0000000089300000| Untracked 
| 148|0x0000000089400000, 0x0000000089500000, 0x0000000089500000|100%| O|  |TAMS 0x0000000089400000, 0x0000000089400000| Untracked 
| 149|0x0000000089500000, 0x0000000089600000, 0x0000000089600000|100%| O|  |TAMS 0x0000000089500000, 0x0000000089500000| Untracked 
| 150|0x0000000089600000, 0x0000000089700000, 0x0000000089700000|100%| O|  |TAMS 0x0000000089600000, 0x0000000089600000| Untracked 
| 151|0x0000000089700000, 0x0000000089800000, 0x0000000089800000|100%| O|  |TAMS 0x0000000089700000, 0x0000000089700000| Untracked 
| 152|0x0000000089800000, 0x0000000089900000, 0x0000000089900000|100%| O|  |TAMS 0x0000000089800000, 0x0000000089800000| Untracked 
| 153|0x0000000089900000, 0x0000000089a00000, 0x0000000089a00000|100%| O|  |TAMS 0x0000000089900000, 0x0000000089900000| Untracked 
| 154|0x0000000089a00000, 0x0000000089b00000, 0x0000000089b00000|100%| O|  |TAMS 0x0000000089a00000, 0x0000000089a00000| Untracked 
| 155|0x0000000089b00000, 0x0000000089c00000, 0x0000000089c00000|100%| O|  |TAMS 0x0000000089b00000, 0x0000000089b00000| Untracked 
| 156|0x0000000089c00000, 0x0000000089d00000, 0x0000000089d00000|100%| O|  |TAMS 0x0000000089c00000, 0x0000000089c00000| Untracked 
| 157|0x0000000089d00000, 0x0000000089e00000, 0x0000000089e00000|100%| O|  |TAMS 0x0000000089d00000, 0x0000000089d00000| Untracked 
| 158|0x0000000089e00000, 0x0000000089f00000, 0x0000000089f00000|100%| O|  |TAMS 0x0000000089e00000, 0x0000000089e00000| Untracked 
| 159|0x0000000089f00000, 0x000000008a000000, 0x000000008a000000|100%| O|  |TAMS 0x0000000089f00000, 0x0000000089f00000| Untracked 
| 160|0x000000008a000000, 0x000000008a100000, 0x000000008a100000|100%| O|  |TAMS 0x000000008a000000, 0x000000008a000000| Untracked 
| 161|0x000000008a100000, 0x000000008a200000, 0x000000008a200000|100%| O|  |TAMS 0x000000008a100000, 0x000000008a100000| Untracked 
| 162|0x000000008a200000, 0x000000008a300000, 0x000000008a300000|100%| O|  |TAMS 0x000000008a200000, 0x000000008a200000| Untracked 
| 163|0x000000008a300000, 0x000000008a400000, 0x000000008a400000|100%| O|  |TAMS 0x000000008a300000, 0x000000008a300000| Untracked 
| 164|0x000000008a400000, 0x000000008a500000, 0x000000008a500000|100%| O|  |TAMS 0x000000008a400000, 0x000000008a400000| Untracked 
| 165|0x000000008a500000, 0x000000008a600000, 0x000000008a600000|100%| O|  |TAMS 0x000000008a500000, 0x000000008a500000| Untracked 
| 166|0x000000008a600000, 0x000000008a700000, 0x000000008a700000|100%|HS|  |TAMS 0x000000008a600000, 0x000000008a600000| Complete 
| 167|0x000000008a700000, 0x000000008a800000, 0x000000008a800000|100%|HC|  |TAMS 0x000000008a700000, 0x000000008a700000| Complete 
| 168|0x000000008a800000, 0x000000008a900000, 0x000000008a900000|100%| O|  |TAMS 0x000000008a800000, 0x000000008a800000| Untracked 
| 169|0x000000008a900000, 0x000000008aa00000, 0x000000008aa00000|100%| O|  |TAMS 0x000000008a900000, 0x000000008a900000| Untracked 
| 170|0x000000008aa00000, 0x000000008ab00000, 0x000000008ab00000|100%|HS|  |TAMS 0x000000008aa00000, 0x000000008aa00000| Complete 
| 171|0x000000008ab00000, 0x000000008ac00000, 0x000000008ac00000|100%| O|  |TAMS 0x000000008ab00000, 0x000000008ab00000| Untracked 
| 172|0x000000008ac00000, 0x000000008ad00000, 0x000000008ad00000|100%| O|  |TAMS 0x000000008ac00000, 0x000000008ac00000| Untracked 
| 173|0x000000008ad00000, 0x000000008ae00000, 0x000000008ae00000|100%| O|  |TAMS 0x000000008ad00000, 0x000000008ad00000| Untracked 
| 174|0x000000008ae00000, 0x000000008af00000, 0x000000008af00000|100%| O|  |TAMS 0x000000008ae00000, 0x000000008ae00000| Untracked 
| 175|0x000000008af00000, 0x000000008b000000, 0x000000008b000000|100%| O|  |TAMS 0x000000008af00000, 0x000000008af00000| Untracked 
| 176|0x000000008b000000, 0x000000008b100000, 0x000000008b100000|100%| O|  |TAMS 0x000000008b000000, 0x000000008b000000| Untracked 
| 177|0x000000008b100000, 0x000000008b200000, 0x000000008b200000|100%| O|  |TAMS 0x000000008b100000, 0x000000008b100000| Untracked 
| 178|0x000000008b200000, 0x000000008b300000, 0x000000008b300000|100%| O|  |TAMS 0x000000008b200000, 0x000000008b200000| Untracked 
| 179|0x000000008b300000, 0x000000008b400000, 0x000000008b400000|100%| O|  |TAMS 0x000000008b300000, 0x000000008b300000| Untracked 
| 180|0x000000008b400000, 0x000000008b500000, 0x000000008b500000|100%| O|  |TAMS 0x000000008b400000, 0x000000008b400000| Untracked 
| 181|0x000000008b500000, 0x000000008b600000, 0x000000008b600000|100%| O|  |TAMS 0x000000008b500000, 0x000000008b500000| Untracked 
| 182|0x000000008b600000, 0x000000008b700000, 0x000000008b700000|100%| O|  |TAMS 0x000000008b600000, 0x000000008b600000| Untracked 
| 183|0x000000008b700000, 0x000000008b800000, 0x000000008b800000|100%| O|  |TAMS 0x000000008b700000, 0x000000008b700000| Untracked 
| 184|0x000000008b800000, 0x000000008b900000, 0x000000008b900000|100%| O|  |TAMS 0x000000008b800000, 0x000000008b800000| Untracked 
| 185|0x000000008b900000, 0x000000008ba00000, 0x000000008ba00000|100%| O|  |TAMS 0x000000008b900000, 0x000000008b900000| Untracked 
| 186|0x000000008ba00000, 0x000000008bb00000, 0x000000008bb00000|100%| O|  |TAMS 0x000000008ba00000, 0x000000008ba00000| Untracked 
| 187|0x000000008bb00000, 0x000000008bc00000, 0x000000008bc00000|100%| O|  |TAMS 0x000000008bb00000, 0x000000008bb00000| Untracked 
| 188|0x000000008bc00000, 0x000000008bd00000, 0x000000008bd00000|100%| O|  |TAMS 0x000000008bc00000, 0x000000008bc00000| Untracked 
| 189|0x000000008bd00000, 0x000000008be00000, 0x000000008be00000|100%| O|  |TAMS 0x000000008bd00000, 0x000000008bd00000| Untracked 
| 190|0x000000008be00000, 0x000000008bf00000, 0x000000008bf00000|100%| O|  |TAMS 0x000000008be00000, 0x000000008be00000| Untracked 
| 191|0x000000008bf00000, 0x000000008c000000, 0x000000008c000000|100%| O|  |TAMS 0x000000008bf00000, 0x000000008bf00000| Untracked 
| 192|0x000000008c000000, 0x000000008c100000, 0x000000008c100000|100%| O|  |TAMS 0x000000008c000000, 0x000000008c000000| Untracked 
| 193|0x000000008c100000, 0x000000008c200000, 0x000000008c200000|100%| O|  |TAMS 0x000000008c100000, 0x000000008c100000| Untracked 
| 194|0x000000008c200000, 0x000000008c300000, 0x000000008c300000|100%| O|  |TAMS 0x000000008c200000, 0x000000008c200000| Untracked 
| 195|0x000000008c300000, 0x000000008c400000, 0x000000008c400000|100%| O|  |TAMS 0x000000008c300000, 0x000000008c300000| Untracked 
| 196|0x000000008c400000, 0x000000008c500000, 0x000000008c500000|100%|HS|  |TAMS 0x000000008c400000, 0x000000008c400000| Complete 
| 197|0x000000008c500000, 0x000000008c600000, 0x000000008c600000|100%|HC|  |TAMS 0x000000008c500000, 0x000000008c500000| Complete 
| 198|0x000000008c600000, 0x000000008c700000, 0x000000008c700000|100%|HC|  |TAMS 0x000000008c600000, 0x000000008c600000| Complete 
| 199|0x000000008c700000, 0x000000008c800000, 0x000000008c800000|100%|HC|  |TAMS 0x000000008c700000, 0x000000008c700000| Complete 
| 200|0x000000008c800000, 0x000000008c900000, 0x000000008c900000|100%|HC|  |TAMS 0x000000008c800000, 0x000000008c800000| Complete 
| 201|0x000000008c900000, 0x000000008ca00000, 0x000000008ca00000|100%|HC|  |TAMS 0x000000008c900000, 0x000000008c900000| Complete 
| 202|0x000000008ca00000, 0x000000008cb00000, 0x000000008cb00000|100%|HC|  |TAMS 0x000000008ca00000, 0x000000008ca00000| Complete 
| 203|0x000000008cb00000, 0x000000008cc00000, 0x000000008cc00000|100%| O|  |TAMS 0x000000008cb00000, 0x000000008cb00000| Untracked 
| 204|0x000000008cc00000, 0x000000008cd00000, 0x000000008cd00000|100%| O|  |TAMS 0x000000008cc00000, 0x000000008cc00000| Untracked 
| 205|0x000000008cd00000, 0x000000008ce00000, 0x000000008ce00000|100%| O|  |TAMS 0x000000008cd00000, 0x000000008cd00000| Untracked 
| 206|0x000000008ce00000, 0x000000008cf00000, 0x000000008cf00000|100%| O|  |TAMS 0x000000008ce00000, 0x000000008ce00000| Untracked 
| 207|0x000000008cf00000, 0x000000008d000000, 0x000000008d000000|100%| O|  |TAMS 0x000000008cf00000, 0x000000008cf00000| Untracked 
| 208|0x000000008d000000, 0x000000008d100000, 0x000000008d100000|100%| O|  |TAMS 0x000000008d000000, 0x000000008d000000| Untracked 
| 209|0x000000008d100000, 0x000000008d200000, 0x000000008d200000|100%| O|  |TAMS 0x000000008d100000, 0x000000008d100000| Untracked 
| 210|0x000000008d200000, 0x000000008d300000, 0x000000008d300000|100%| O|  |TAMS 0x000000008d200000, 0x000000008d200000| Untracked 
| 211|0x000000008d300000, 0x000000008d400000, 0x000000008d400000|100%| O|  |TAMS 0x000000008d300000, 0x000000008d300000| Untracked 
| 212|0x000000008d400000, 0x000000008d500000, 0x000000008d500000|100%| O|  |TAMS 0x000000008d400000, 0x000000008d400000| Untracked 
| 213|0x000000008d500000, 0x000000008d600000, 0x000000008d600000|100%| O|  |TAMS 0x000000008d500000, 0x000000008d500000| Untracked 
| 214|0x000000008d600000, 0x000000008d700000, 0x000000008d700000|100%| O|  |TAMS 0x000000008d600000, 0x000000008d600000| Untracked 
| 215|0x000000008d700000, 0x000000008d800000, 0x000000008d800000|100%| O|  |TAMS 0x000000008d700000, 0x000000008d700000| Untracked 
| 216|0x000000008d800000, 0x000000008d900000, 0x000000008d900000|100%| O|  |TAMS 0x000000008d800000, 0x000000008d800000| Untracked 
| 217|0x000000008d900000, 0x000000008da00000, 0x000000008da00000|100%| O|  |TAMS 0x000000008d900000, 0x000000008d900000| Untracked 
| 218|0x000000008da00000, 0x000000008db00000, 0x000000008db00000|100%| O|  |TAMS 0x000000008da00000, 0x000000008da00000| Untracked 
| 219|0x000000008db00000, 0x000000008dc00000, 0x000000008dc00000|100%| O|  |TAMS 0x000000008db00000, 0x000000008db00000| Untracked 
| 220|0x000000008dc00000, 0x000000008dd00000, 0x000000008dd00000|100%| O|  |TAMS 0x000000008dc00000, 0x000000008dc00000| Untracked 
| 221|0x000000008dd00000, 0x000000008de00000, 0x000000008de00000|100%| O|  |TAMS 0x000000008dd00000, 0x000000008dd00000| Untracked 
| 222|0x000000008de00000, 0x000000008df00000, 0x000000008df00000|100%| O|  |TAMS 0x000000008de00000, 0x000000008de00000| Untracked 
| 223|0x000000008df00000, 0x000000008e000000, 0x000000008e000000|100%| O|  |TAMS 0x000000008df00000, 0x000000008df00000| Untracked 
| 224|0x000000008e000000, 0x000000008e100000, 0x000000008e100000|100%| O|  |TAMS 0x000000008e000000, 0x000000008e000000| Untracked 
| 225|0x000000008e100000, 0x000000008e13e400, 0x000000008e200000| 24%| O|  |TAMS 0x000000008e100000, 0x000000008e100000| Untracked 
| 226|0x000000008e200000, 0x000000008e200000, 0x000000008e300000|  0%| F|  |TAMS 0x000000008e200000, 0x000000008e200000| Untracked 
| 227|0x000000008e300000, 0x000000008e300000, 0x000000008e400000|  0%| F|  |TAMS 0x000000008e300000, 0x000000008e300000| Untracked 
| 228|0x000000008e400000, 0x000000008e400000, 0x000000008e500000|  0%| F|  |TAMS 0x000000008e400000, 0x000000008e400000| Untracked 
| 229|0x000000008e500000, 0x000000008e500000, 0x000000008e600000|  0%| F|  |TAMS 0x000000008e500000, 0x000000008e500000| Untracked 
| 230|0x000000008e600000, 0x000000008e600000, 0x000000008e700000|  0%| F|  |TAMS 0x000000008e600000, 0x000000008e600000| Untracked 
| 231|0x000000008e700000, 0x000000008e700000, 0x000000008e800000|  0%| F|  |TAMS 0x000000008e700000, 0x000000008e700000| Untracked 
| 232|0x000000008e800000, 0x000000008e800000, 0x000000008e900000|  0%| F|  |TAMS 0x000000008e800000, 0x000000008e800000| Untracked 
| 233|0x000000008e900000, 0x000000008e900000, 0x000000008ea00000|  0%| F|  |TAMS 0x000000008e900000, 0x000000008e900000| Untracked 
| 234|0x000000008ea00000, 0x000000008ea00000, 0x000000008eb00000|  0%| F|  |TAMS 0x000000008ea00000, 0x000000008ea00000| Untracked 
| 235|0x000000008eb00000, 0x000000008eb00000, 0x000000008ec00000|  0%| F|  |TAMS 0x000000008eb00000, 0x000000008eb00000| Untracked 
| 236|0x000000008ec00000, 0x000000008ec00000, 0x000000008ed00000|  0%| F|  |TAMS 0x000000008ec00000, 0x000000008ec00000| Untracked 
| 237|0x000000008ed00000, 0x000000008ed00000, 0x000000008ee00000|  0%| F|  |TAMS 0x000000008ed00000, 0x000000008ed00000| Untracked 
| 238|0x000000008ee00000, 0x000000008ee00000, 0x000000008ef00000|  0%| F|  |TAMS 0x000000008ee00000, 0x000000008ee00000| Untracked 
| 239|0x000000008ef00000, 0x000000008ef00000, 0x000000008f000000|  0%| F|  |TAMS 0x000000008ef00000, 0x000000008ef00000| Untracked 
| 240|0x000000008f000000, 0x000000008f000000, 0x000000008f100000|  0%| F|  |TAMS 0x000000008f000000, 0x000000008f000000| Untracked 
| 241|0x000000008f100000, 0x000000008f100000, 0x000000008f200000|  0%| F|  |TAMS 0x000000008f100000, 0x000000008f100000| Untracked 
| 242|0x000000008f200000, 0x000000008f200000, 0x000000008f300000|  0%| F|  |TAMS 0x000000008f200000, 0x000000008f200000| Untracked 
| 243|0x000000008f300000, 0x000000008f300000, 0x000000008f400000|  0%| F|  |TAMS 0x000000008f300000, 0x000000008f300000| Untracked 
| 244|0x000000008f400000, 0x000000008f400000, 0x000000008f500000|  0%| F|  |TAMS 0x000000008f400000, 0x000000008f400000| Untracked 
| 245|0x000000008f500000, 0x000000008f500000, 0x000000008f600000|  0%| F|  |TAMS 0x000000008f500000, 0x000000008f500000| Untracked 
| 246|0x000000008f600000, 0x000000008f600000, 0x000000008f700000|  0%| F|  |TAMS 0x000000008f600000, 0x000000008f600000| Untracked 
| 247|0x000000008f700000, 0x000000008f700000, 0x000000008f800000|  0%| F|  |TAMS 0x000000008f700000, 0x000000008f700000| Untracked 
| 248|0x000000008f800000, 0x000000008f800000, 0x000000008f900000|  0%| F|  |TAMS 0x000000008f800000, 0x000000008f800000| Untracked 
| 249|0x000000008f900000, 0x000000008f900000, 0x000000008fa00000|  0%| F|  |TAMS 0x000000008f900000, 0x000000008f900000| Untracked 
| 250|0x000000008fa00000, 0x000000008fa00000, 0x000000008fb00000|  0%| F|  |TAMS 0x000000008fa00000, 0x000000008fa00000| Untracked 
| 251|0x000000008fb00000, 0x000000008fb00000, 0x000000008fc00000|  0%| F|  |TAMS 0x000000008fb00000, 0x000000008fb00000| Untracked 
| 252|0x000000008fc00000, 0x000000008fc00000, 0x000000008fd00000|  0%| F|  |TAMS 0x000000008fc00000, 0x000000008fc00000| Untracked 
| 253|0x000000008fd00000, 0x000000008fd00000, 0x000000008fe00000|  0%| F|  |TAMS 0x000000008fd00000, 0x000000008fd00000| Untracked 
| 254|0x000000008fe00000, 0x000000008fe00000, 0x000000008ff00000|  0%| F|  |TAMS 0x000000008fe00000, 0x000000008fe00000| Untracked 
| 255|0x000000008ff00000, 0x000000008ff00000, 0x0000000090000000|  0%| F|  |TAMS 0x000000008ff00000, 0x000000008ff00000| Untracked 
| 256|0x0000000090000000, 0x0000000090000000, 0x0000000090100000|  0%| F|  |TAMS 0x0000000090000000, 0x0000000090000000| Untracked 
| 257|0x0000000090100000, 0x0000000090100000, 0x0000000090200000|  0%| F|  |TAMS 0x0000000090100000, 0x0000000090100000| Untracked 
| 258|0x0000000090200000, 0x0000000090200000, 0x0000000090300000|  0%| F|  |TAMS 0x0000000090200000, 0x0000000090200000| Untracked 
| 259|0x0000000090300000, 0x0000000090300000, 0x0000000090400000|  0%| F|  |TAMS 0x0000000090300000, 0x0000000090300000| Untracked 
| 260|0x0000000090400000, 0x0000000090400000, 0x0000000090500000|  0%| F|  |TAMS 0x0000000090400000, 0x0000000090400000| Untracked 
| 261|0x0000000090500000, 0x0000000090500000, 0x0000000090600000|  0%| F|  |TAMS 0x0000000090500000, 0x0000000090500000| Untracked 
| 262|0x0000000090600000, 0x0000000090600000, 0x0000000090700000|  0%| F|  |TAMS 0x0000000090600000, 0x0000000090600000| Untracked 
| 263|0x0000000090700000, 0x0000000090700000, 0x0000000090800000|  0%| F|  |TAMS 0x0000000090700000, 0x0000000090700000| Untracked 
| 264|0x0000000090800000, 0x0000000090800000, 0x0000000090900000|  0%| F|  |TAMS 0x0000000090800000, 0x0000000090800000| Untracked 
| 265|0x0000000090900000, 0x0000000090900000, 0x0000000090a00000|  0%| F|  |TAMS 0x0000000090900000, 0x0000000090900000| Untracked 
| 266|0x0000000090a00000, 0x0000000090a00000, 0x0000000090b00000|  0%| F|  |TAMS 0x0000000090a00000, 0x0000000090a00000| Untracked 
| 267|0x0000000090b00000, 0x0000000090b00000, 0x0000000090c00000|  0%| F|  |TAMS 0x0000000090b00000, 0x0000000090b00000| Untracked 
| 268|0x0000000090c00000, 0x0000000090c00000, 0x0000000090d00000|  0%| F|  |TAMS 0x0000000090c00000, 0x0000000090c00000| Untracked 
| 269|0x0000000090d00000, 0x0000000090d00000, 0x0000000090e00000|  0%| F|  |TAMS 0x0000000090d00000, 0x0000000090d00000| Untracked 
| 270|0x0000000090e00000, 0x0000000090e00000, 0x0000000090f00000|  0%| F|  |TAMS 0x0000000090e00000, 0x0000000090e00000| Untracked 
| 271|0x0000000090f00000, 0x0000000090f00000, 0x0000000091000000|  0%| F|  |TAMS 0x0000000090f00000, 0x0000000090f00000| Untracked 
| 272|0x0000000091000000, 0x0000000091000000, 0x0000000091100000|  0%| F|  |TAMS 0x0000000091000000, 0x0000000091000000| Untracked 
| 273|0x0000000091100000, 0x0000000091100000, 0x0000000091200000|  0%| F|  |TAMS 0x0000000091100000, 0x0000000091100000| Untracked 
| 274|0x0000000091200000, 0x0000000091200000, 0x0000000091300000|  0%| F|  |TAMS 0x0000000091200000, 0x0000000091200000| Untracked 
| 275|0x0000000091300000, 0x0000000091300000, 0x0000000091400000|  0%| F|  |TAMS 0x0000000091300000, 0x0000000091300000| Untracked 
| 276|0x0000000091400000, 0x0000000091400000, 0x0000000091500000|  0%| F|  |TAMS 0x0000000091400000, 0x0000000091400000| Untracked 
| 277|0x0000000091500000, 0x0000000091500000, 0x0000000091600000|  0%| F|  |TAMS 0x0000000091500000, 0x0000000091500000| Untracked 
| 278|0x0000000091600000, 0x0000000091600000, 0x0000000091700000|  0%| F|  |TAMS 0x0000000091600000, 0x0000000091600000| Untracked 
| 279|0x0000000091700000, 0x0000000091700000, 0x0000000091800000|  0%| F|  |TAMS 0x0000000091700000, 0x0000000091700000| Untracked 
| 280|0x0000000091800000, 0x0000000091800000, 0x0000000091900000|  0%| F|  |TAMS 0x0000000091800000, 0x0000000091800000| Untracked 
| 281|0x0000000091900000, 0x0000000091900000, 0x0000000091a00000|  0%| F|  |TAMS 0x0000000091900000, 0x0000000091900000| Untracked 
| 282|0x0000000091a00000, 0x0000000091a00000, 0x0000000091b00000|  0%| F|  |TAMS 0x0000000091a00000, 0x0000000091a00000| Untracked 
| 283|0x0000000091b00000, 0x0000000091b00000, 0x0000000091c00000|  0%| F|  |TAMS 0x0000000091b00000, 0x0000000091b00000| Untracked 
| 284|0x0000000091c00000, 0x0000000091c00000, 0x0000000091d00000|  0%| F|  |TAMS 0x0000000091c00000, 0x0000000091c00000| Untracked 
| 285|0x0000000091d00000, 0x0000000091d00000, 0x0000000091e00000|  0%| F|  |TAMS 0x0000000091d00000, 0x0000000091d00000| Untracked 
| 286|0x0000000091e00000, 0x0000000091e00000, 0x0000000091f00000|  0%| F|  |TAMS 0x0000000091e00000, 0x0000000091e00000| Untracked 
| 287|0x0000000091f00000, 0x0000000091f00000, 0x0000000092000000|  0%| F|  |TAMS 0x0000000091f00000, 0x0000000091f00000| Untracked 
| 288|0x0000000092000000, 0x0000000092000000, 0x0000000092100000|  0%| F|  |TAMS 0x0000000092000000, 0x0000000092000000| Untracked 
| 289|0x0000000092100000, 0x00000000921e76e8, 0x0000000092200000| 90%| S|CS|TAMS 0x0000000092100000, 0x0000000092100000| Complete 
| 290|0x0000000092200000, 0x0000000092300000, 0x0000000092300000|100%| S|CS|TAMS 0x0000000092200000, 0x0000000092200000| Complete 
| 291|0x0000000092300000, 0x0000000092300000, 0x0000000092400000|  0%| F|  |TAMS 0x0000000092300000, 0x0000000092300000| Untracked 
| 292|0x0000000092400000, 0x0000000092400000, 0x0000000092500000|  0%| F|  |TAMS 0x0000000092400000, 0x0000000092400000| Untracked 
| 293|0x0000000092500000, 0x0000000092500000, 0x0000000092600000|  0%| F|  |TAMS 0x0000000092500000, 0x0000000092500000| Untracked 
| 294|0x0000000092600000, 0x0000000092600000, 0x0000000092700000|  0%| F|  |TAMS 0x0000000092600000, 0x0000000092600000| Untracked 
| 295|0x0000000092700000, 0x0000000092700000, 0x0000000092800000|  0%| F|  |TAMS 0x0000000092700000, 0x0000000092700000| Untracked 
| 296|0x0000000092800000, 0x0000000092800000, 0x0000000092900000|  0%| F|  |TAMS 0x0000000092800000, 0x0000000092800000| Untracked 
| 297|0x0000000092900000, 0x0000000092900000, 0x0000000092a00000|  0%| F|  |TAMS 0x0000000092900000, 0x0000000092900000| Untracked 
| 298|0x0000000092a00000, 0x0000000092a00000, 0x0000000092b00000|  0%| F|  |TAMS 0x0000000092a00000, 0x0000000092a00000| Untracked 
| 299|0x0000000092b00000, 0x0000000092b00000, 0x0000000092c00000|  0%| F|  |TAMS 0x0000000092b00000, 0x0000000092b00000| Untracked 
| 300|0x0000000092c00000, 0x0000000092c00000, 0x0000000092d00000|  0%| F|  |TAMS 0x0000000092c00000, 0x0000000092c00000| Untracked 
| 301|0x0000000092d00000, 0x0000000092d00000, 0x0000000092e00000|  0%| F|  |TAMS 0x0000000092d00000, 0x0000000092d00000| Untracked 
| 302|0x0000000092e00000, 0x0000000092e00000, 0x0000000092f00000|  0%| F|  |TAMS 0x0000000092e00000, 0x0000000092e00000| Untracked 
| 303|0x0000000092f00000, 0x0000000092f00000, 0x0000000093000000|  0%| F|  |TAMS 0x0000000092f00000, 0x0000000092f00000| Untracked 
| 304|0x0000000093000000, 0x0000000093000000, 0x0000000093100000|  0%| F|  |TAMS 0x0000000093000000, 0x0000000093000000| Untracked 
| 305|0x0000000093100000, 0x0000000093100000, 0x0000000093200000|  0%| F|  |TAMS 0x0000000093100000, 0x0000000093100000| Untracked 
| 306|0x0000000093200000, 0x0000000093200000, 0x0000000093300000|  0%| F|  |TAMS 0x0000000093200000, 0x0000000093200000| Untracked 
| 307|0x0000000093300000, 0x0000000093300000, 0x0000000093400000|  0%| F|  |TAMS 0x0000000093300000, 0x0000000093300000| Untracked 
| 308|0x0000000093400000, 0x0000000093400000, 0x0000000093500000|  0%| F|  |TAMS 0x0000000093400000, 0x0000000093400000| Untracked 
| 309|0x0000000093500000, 0x0000000093500000, 0x0000000093600000|  0%| F|  |TAMS 0x0000000093500000, 0x0000000093500000| Untracked 
| 310|0x0000000093600000, 0x0000000093600000, 0x0000000093700000|  0%| F|  |TAMS 0x0000000093600000, 0x0000000093600000| Untracked 
| 311|0x0000000093700000, 0x0000000093700000, 0x0000000093800000|  0%| F|  |TAMS 0x0000000093700000, 0x0000000093700000| Untracked 
| 312|0x0000000093800000, 0x0000000093800000, 0x0000000093900000|  0%| F|  |TAMS 0x0000000093800000, 0x0000000093800000| Untracked 
| 313|0x0000000093900000, 0x0000000093900000, 0x0000000093a00000|  0%| F|  |TAMS 0x0000000093900000, 0x0000000093900000| Untracked 
| 314|0x0000000093a00000, 0x0000000093a00000, 0x0000000093b00000|  0%| F|  |TAMS 0x0000000093a00000, 0x0000000093a00000| Untracked 
| 315|0x0000000093b00000, 0x0000000093b00000, 0x0000000093c00000|  0%| F|  |TAMS 0x0000000093b00000, 0x0000000093b00000| Untracked 
| 316|0x0000000093c00000, 0x0000000093c00000, 0x0000000093d00000|  0%| F|  |TAMS 0x0000000093c00000, 0x0000000093c00000| Untracked 
| 317|0x0000000093d00000, 0x0000000093d00000, 0x0000000093e00000|  0%| F|  |TAMS 0x0000000093d00000, 0x0000000093d00000| Untracked 
| 318|0x0000000093e00000, 0x0000000093e00000, 0x0000000093f00000|  0%| F|  |TAMS 0x0000000093e00000, 0x0000000093e00000| Untracked 
| 319|0x0000000093f00000, 0x0000000093f00000, 0x0000000094000000|  0%| F|  |TAMS 0x0000000093f00000, 0x0000000093f00000| Untracked 
| 320|0x0000000094000000, 0x0000000094000000, 0x0000000094100000|  0%| F|  |TAMS 0x0000000094000000, 0x0000000094000000| Untracked 
| 321|0x0000000094100000, 0x0000000094100000, 0x0000000094200000|  0%| F|  |TAMS 0x0000000094100000, 0x0000000094100000| Untracked 
| 322|0x0000000094200000, 0x0000000094200000, 0x0000000094300000|  0%| F|  |TAMS 0x0000000094200000, 0x0000000094200000| Untracked 
| 323|0x0000000094300000, 0x0000000094300000, 0x0000000094400000|  0%| F|  |TAMS 0x0000000094300000, 0x0000000094300000| Untracked 
| 324|0x0000000094400000, 0x0000000094400000, 0x0000000094500000|  0%| F|  |TAMS 0x0000000094400000, 0x0000000094400000| Untracked 
| 325|0x0000000094500000, 0x0000000094500000, 0x0000000094600000|  0%| F|  |TAMS 0x0000000094500000, 0x0000000094500000| Untracked 
| 326|0x0000000094600000, 0x0000000094600000, 0x0000000094700000|  0%| F|  |TAMS 0x0000000094600000, 0x0000000094600000| Untracked 
| 327|0x0000000094700000, 0x0000000094700000, 0x0000000094800000|  0%| F|  |TAMS 0x0000000094700000, 0x0000000094700000| Untracked 
| 328|0x0000000094800000, 0x0000000094800000, 0x0000000094900000|  0%| F|  |TAMS 0x0000000094800000, 0x0000000094800000| Untracked 
| 329|0x0000000094900000, 0x0000000094900000, 0x0000000094a00000|  0%| F|  |TAMS 0x0000000094900000, 0x0000000094900000| Untracked 
| 330|0x0000000094a00000, 0x0000000094a00000, 0x0000000094b00000|  0%| F|  |TAMS 0x0000000094a00000, 0x0000000094a00000| Untracked 
| 331|0x0000000094b00000, 0x0000000094b00000, 0x0000000094c00000|  0%| F|  |TAMS 0x0000000094b00000, 0x0000000094b00000| Untracked 
| 332|0x0000000094c00000, 0x0000000094c00000, 0x0000000094d00000|  0%| F|  |TAMS 0x0000000094c00000, 0x0000000094c00000| Untracked 
| 333|0x0000000094d00000, 0x0000000094d00000, 0x0000000094e00000|  0%| F|  |TAMS 0x0000000094d00000, 0x0000000094d00000| Untracked 
| 334|0x0000000094e00000, 0x0000000094e00000, 0x0000000094f00000|  0%| F|  |TAMS 0x0000000094e00000, 0x0000000094e00000| Untracked 
| 335|0x0000000094f00000, 0x0000000094f00000, 0x0000000095000000|  0%| F|  |TAMS 0x0000000094f00000, 0x0000000094f00000| Untracked 
| 336|0x0000000095000000, 0x0000000095000000, 0x0000000095100000|  0%| F|  |TAMS 0x0000000095000000, 0x0000000095000000| Untracked 
| 337|0x0000000095100000, 0x0000000095100000, 0x0000000095200000|  0%| F|  |TAMS 0x0000000095100000, 0x0000000095100000| Untracked 
| 338|0x0000000095200000, 0x0000000095200000, 0x0000000095300000|  0%| F|  |TAMS 0x0000000095200000, 0x0000000095200000| Untracked 
| 339|0x0000000095300000, 0x0000000095300000, 0x0000000095400000|  0%| F|  |TAMS 0x0000000095300000, 0x0000000095300000| Untracked 
| 340|0x0000000095400000, 0x0000000095400000, 0x0000000095500000|  0%| F|  |TAMS 0x0000000095400000, 0x0000000095400000| Untracked 
| 341|0x0000000095500000, 0x0000000095500000, 0x0000000095600000|  0%| F|  |TAMS 0x0000000095500000, 0x0000000095500000| Untracked 
| 342|0x0000000095600000, 0x0000000095600000, 0x0000000095700000|  0%| F|  |TAMS 0x0000000095600000, 0x0000000095600000| Untracked 
| 343|0x0000000095700000, 0x0000000095700000, 0x0000000095800000|  0%| F|  |TAMS 0x0000000095700000, 0x0000000095700000| Untracked 
| 344|0x0000000095800000, 0x0000000095800000, 0x0000000095900000|  0%| F|  |TAMS 0x0000000095800000, 0x0000000095800000| Untracked 
| 345|0x0000000095900000, 0x0000000095900000, 0x0000000095a00000|  0%| F|  |TAMS 0x0000000095900000, 0x0000000095900000| Untracked 
| 346|0x0000000095a00000, 0x0000000095a00000, 0x0000000095b00000|  0%| F|  |TAMS 0x0000000095a00000, 0x0000000095a00000| Untracked 
| 347|0x0000000095b00000, 0x0000000095b00000, 0x0000000095c00000|  0%| F|  |TAMS 0x0000000095b00000, 0x0000000095b00000| Untracked 
| 348|0x0000000095c00000, 0x0000000095c00000, 0x0000000095d00000|  0%| F|  |TAMS 0x0000000095c00000, 0x0000000095c00000| Untracked 
| 349|0x0000000095d00000, 0x0000000095d00000, 0x0000000095e00000|  0%| F|  |TAMS 0x0000000095d00000, 0x0000000095d00000| Untracked 
| 350|0x0000000095e00000, 0x0000000095e00000, 0x0000000095f00000|  0%| F|  |TAMS 0x0000000095e00000, 0x0000000095e00000| Untracked 
| 351|0x0000000095f00000, 0x0000000095f00000, 0x0000000096000000|  0%| F|  |TAMS 0x0000000095f00000, 0x0000000095f00000| Untracked 
| 352|0x0000000096000000, 0x0000000096000000, 0x0000000096100000|  0%| F|  |TAMS 0x0000000096000000, 0x0000000096000000| Untracked 
| 353|0x0000000096100000, 0x0000000096100000, 0x0000000096200000|  0%| F|  |TAMS 0x0000000096100000, 0x0000000096100000| Untracked 
| 354|0x0000000096200000, 0x0000000096200000, 0x0000000096300000|  0%| F|  |TAMS 0x0000000096200000, 0x0000000096200000| Untracked 
| 355|0x0000000096300000, 0x0000000096300000, 0x0000000096400000|  0%| F|  |TAMS 0x0000000096300000, 0x0000000096300000| Untracked 
| 356|0x0000000096400000, 0x0000000096400000, 0x0000000096500000|  0%| F|  |TAMS 0x0000000096400000, 0x0000000096400000| Untracked 
| 357|0x0000000096500000, 0x0000000096500000, 0x0000000096600000|  0%| F|  |TAMS 0x0000000096500000, 0x0000000096500000| Untracked 
| 358|0x0000000096600000, 0x0000000096600000, 0x0000000096700000|  0%| F|  |TAMS 0x0000000096600000, 0x0000000096600000| Untracked 
| 359|0x0000000096700000, 0x0000000096800000, 0x0000000096800000|100%| E|  |TAMS 0x0000000096700000, 0x0000000096700000| Complete 
| 360|0x0000000096800000, 0x0000000096900000, 0x0000000096900000|100%| E|CS|TAMS 0x0000000096800000, 0x0000000096800000| Complete 
| 361|0x0000000096900000, 0x0000000096a00000, 0x0000000096a00000|100%| E|CS|TAMS 0x0000000096900000, 0x0000000096900000| Complete 
| 362|0x0000000096a00000, 0x0000000096b00000, 0x0000000096b00000|100%| E|CS|TAMS 0x0000000096a00000, 0x0000000096a00000| Complete 
| 363|0x0000000096b00000, 0x0000000096c00000, 0x0000000096c00000|100%| E|CS|TAMS 0x0000000096b00000, 0x0000000096b00000| Complete 
| 364|0x0000000096c00000, 0x0000000096d00000, 0x0000000096d00000|100%| E|CS|TAMS 0x0000000096c00000, 0x0000000096c00000| Complete 
| 365|0x0000000096d00000, 0x0000000096e00000, 0x0000000096e00000|100%| E|CS|TAMS 0x0000000096d00000, 0x0000000096d00000| Complete 
| 366|0x0000000096e00000, 0x0000000096f00000, 0x0000000096f00000|100%| E|CS|TAMS 0x0000000096e00000, 0x0000000096e00000| Complete 
| 367|0x0000000096f00000, 0x0000000097000000, 0x0000000097000000|100%| E|CS|TAMS 0x0000000096f00000, 0x0000000096f00000| Complete 
| 368|0x0000000097000000, 0x0000000097100000, 0x0000000097100000|100%| E|CS|TAMS 0x0000000097000000, 0x0000000097000000| Complete 
| 369|0x0000000097100000, 0x0000000097200000, 0x0000000097200000|100%| E|CS|TAMS 0x0000000097100000, 0x0000000097100000| Complete 
| 370|0x0000000097200000, 0x0000000097300000, 0x0000000097300000|100%| E|CS|TAMS 0x0000000097200000, 0x0000000097200000| Complete 
| 371|0x0000000097300000, 0x0000000097400000, 0x0000000097400000|100%| E|CS|TAMS 0x0000000097300000, 0x0000000097300000| Complete 
| 372|0x0000000097400000, 0x0000000097500000, 0x0000000097500000|100%| E|CS|TAMS 0x0000000097400000, 0x0000000097400000| Complete 
| 373|0x0000000097500000, 0x0000000097600000, 0x0000000097600000|100%| E|CS|TAMS 0x0000000097500000, 0x0000000097500000| Complete 
| 374|0x0000000097600000, 0x0000000097700000, 0x0000000097700000|100%| E|CS|TAMS 0x0000000097600000, 0x0000000097600000| Complete 
| 375|0x0000000097700000, 0x0000000097800000, 0x0000000097800000|100%| E|CS|TAMS 0x0000000097700000, 0x0000000097700000| Complete 
| 376|0x0000000097800000, 0x0000000097900000, 0x0000000097900000|100%| E|CS|TAMS 0x0000000097800000, 0x0000000097800000| Complete 
| 377|0x0000000097900000, 0x0000000097a00000, 0x0000000097a00000|100%| E|CS|TAMS 0x0000000097900000, 0x0000000097900000| Complete 
| 378|0x0000000097a00000, 0x0000000097b00000, 0x0000000097b00000|100%| E|CS|TAMS 0x0000000097a00000, 0x0000000097a00000| Complete 
| 379|0x0000000097b00000, 0x0000000097c00000, 0x0000000097c00000|100%| E|CS|TAMS 0x0000000097b00000, 0x0000000097b00000| Complete 
| 380|0x0000000097c00000, 0x0000000097d00000, 0x0000000097d00000|100%| E|CS|TAMS 0x0000000097c00000, 0x0000000097c00000| Complete 
| 381|0x0000000097d00000, 0x0000000097e00000, 0x0000000097e00000|100%| E|CS|TAMS 0x0000000097d00000, 0x0000000097d00000| Complete 
| 382|0x0000000097e00000, 0x0000000097f00000, 0x0000000097f00000|100%| E|CS|TAMS 0x0000000097e00000, 0x0000000097e00000| Complete 
| 383|0x0000000097f00000, 0x0000000098000000, 0x0000000098000000|100%| E|CS|TAMS 0x0000000097f00000, 0x0000000097f00000| Complete 
| 384|0x0000000098000000, 0x0000000098100000, 0x0000000098100000|100%| E|CS|TAMS 0x0000000098000000, 0x0000000098000000| Complete 
| 385|0x0000000098100000, 0x0000000098200000, 0x0000000098200000|100%| E|CS|TAMS 0x0000000098100000, 0x0000000098100000| Complete 
| 386|0x0000000098200000, 0x0000000098300000, 0x0000000098300000|100%| E|CS|TAMS 0x0000000098200000, 0x0000000098200000| Complete 
| 387|0x0000000098300000, 0x0000000098400000, 0x0000000098400000|100%| E|CS|TAMS 0x0000000098300000, 0x0000000098300000| Complete 
| 388|0x0000000098400000, 0x0000000098500000, 0x0000000098500000|100%| E|CS|TAMS 0x0000000098400000, 0x0000000098400000| Complete 
| 389|0x0000000098500000, 0x0000000098600000, 0x0000000098600000|100%| E|CS|TAMS 0x0000000098500000, 0x0000000098500000| Complete 
| 390|0x0000000098600000, 0x0000000098700000, 0x0000000098700000|100%| E|CS|TAMS 0x0000000098600000, 0x0000000098600000| Complete 
| 391|0x0000000098700000, 0x0000000098800000, 0x0000000098800000|100%| E|CS|TAMS 0x0000000098700000, 0x0000000098700000| Complete 
| 392|0x0000000098800000, 0x0000000098900000, 0x0000000098900000|100%| E|CS|TAMS 0x0000000098800000, 0x0000000098800000| Complete 

Card table byte_map: [0x0000014ab0d30000,0x0000014ab1130000] _byte_map_base: 0x0000014ab0930000

Marking Bits (Prev, Next): (CMBitMap*) 0x0000014a9d173f40, (CMBitMap*) 0x0000014a9d173f80
 Prev Bits: [0x0000014ab1530000, 0x0000014ab3530000)
 Next Bits: [0x0000014ab3530000, 0x0000014ab5530000)

Polling page: 0x0000014a9b860000

Metaspace:

Usage:
  Non-class:    120.44 MB used.
      Class:     18.63 MB used.
       Both:    139.07 MB used.

Virtual space:
  Non-class space:      128.00 MB reserved,     121.00 MB ( 95%) committed,  2 nodes.
      Class space:        1.00 GB reserved,      19.19 MB (  2%) committed,  1 nodes.
             Both:        1.12 GB reserved,     140.19 MB ( 12%) committed. 

Chunk freelists:
   Non-Class:  6.70 MB
       Class:  12.73 MB
        Both:  19.43 MB

MaxMetaspaceSize: unlimited
CompressedClassSpaceSize: 1.00 GB
Initial GC threshold: 21.00 MB
Current GC threshold: 176.19 MB
CDS: on
MetaspaceReclaimPolicy: balanced
 - commit_granule_bytes: 65536.
 - commit_granule_words: 8192.
 - virtual_space_node_default_size: 8388608.
 - enlarge_chunks_in_place: 1.
 - new_chunks_are_fully_committed: 0.
 - uncommit_free_chunks: 1.
 - use_allocation_guard: 0.
 - handle_deallocations: 1.


Internal statistics:

num_allocs_failed_limit: 6.
num_arena_births: 1858.
num_arena_deaths: 0.
num_vsnodes_births: 3.
num_vsnodes_deaths: 0.
num_space_committed: 2241.
num_space_uncommitted: 0.
num_chunks_returned_to_freelist: 6.
num_chunks_taken_from_freelist: 7799.
num_chunk_merges: 6.
num_chunk_splits: 5093.
num_chunks_enlarged: 3327.
num_inconsistent_stats: 0.

CodeHeap 'non-profiled nmethods': size=119168Kb used=16353Kb max_used=16353Kb free=102814Kb
 bounds [0x0000014aa8520000, 0x0000014aa9530000, 0x0000014aaf980000]
CodeHeap 'profiled nmethods': size=119104Kb used=46349Kb max_used=47962Kb free=72754Kb
 bounds [0x0000014aa0980000, 0x0000014aa3860000, 0x0000014aa7dd0000]
CodeHeap 'non-nmethods': size=7488Kb used=2629Kb max_used=4416Kb free=4858Kb
 bounds [0x0000014aa7dd0000, 0x0000014aa8230000, 0x0000014aa8520000]
 total_blobs=22809 nmethods=21610 adapters=1110
 compilation: enabled
              stopped_count=0, restarted_count=0
 full_count=0

Compilation events (20 events):
Event: 38.941 Thread 0x0000014a82bac2c0 26831       3       com.android.tools.r8.internal.eM::h (16 bytes)
Event: 38.946 Thread 0x0000014ab7f5a590 26832       1       com.android.tools.r8.graph.W0::X0 (5 bytes)
Event: 38.947 Thread 0x0000014a82baa830 26833       1       com.android.tools.r8.utils.L::d (2 bytes)
Event: 39.939 Thread 0x0000014ab7f5a590 nmethod 26832 0x0000014aa93f7690 code [0x0000014aa93f7820, 0x0000014aa93f78f8]
Event: 39.939 Thread 0x0000014ab7f5a590 26841       3       com.android.tools.r8.internal.S10::W (54 bytes)
Event: 39.939 Thread 0x0000014ab7f5a590 nmethod 26841 0x0000014aa2370990 code [0x0000014aa2370b20, 0x0000014aa2370c58]
Event: 39.939 Thread 0x0000014ab7f5a590 26838       3       com.android.tools.r8.internal.co::a (187 bytes)
Event: 39.940 Thread 0x0000014ab7f5a590 nmethod 26838 0x0000014aa098bf10 code [0x0000014aa098c200, 0x0000014aa098d718]
Event: 39.940 Thread 0x0000014ab7f5a590 26839       3       com.android.tools.r8.internal.co::e (12 bytes)
Event: 39.941 Thread 0x0000014ab7f5a590 nmethod 26839 0x0000014aa0df0710 code [0x0000014aa0df08e0, 0x0000014aa0df0e48]
Event: 39.941 Thread 0x0000014ab7f5a590 26834       3       com.android.tools.r8.ir.optimize.F$$Lambda$2149/0x0000014abb2f17f8::test (8 bytes)
Event: 39.941 Thread 0x0000014ab7f5a590 nmethod 26834 0x0000014aa155e390 code [0x0000014aa155e560, 0x0000014aa155e9f8]
Event: 39.941 Thread 0x0000014ab7f5a590 26835       3       com.android.tools.r8.internal.ko::E1 (23 bytes)
Event: 39.941 Thread 0x0000014ab7f5a590 nmethod 26835 0x0000014aa0bc6990 code [0x0000014aa0bc6b40, 0x0000014aa0bc6e78]
Event: 39.941 Thread 0x0000014ab7f5a590 26836       3       com.android.tools.r8.internal.ko::D1 (44 bytes)
Event: 39.942 Thread 0x0000014ab7f5a590 nmethod 26836 0x0000014aa1eac190 code [0x0000014aa1eac360, 0x0000014aa1eaca48]
Event: 39.942 Thread 0x0000014ab7f5a590 26842       1       com.android.tools.r8.ir.optimize.info.d::x (2 bytes)
Event: 39.942 Thread 0x0000014ab7f5a590 nmethod 26842 0x0000014aa93f7390 code [0x0000014aa93f7520, 0x0000014aa93f75f8]
Event: 39.942 Thread 0x0000014a82bac2c0 nmethod 26831 0x0000014aa2cc6a90 code [0x0000014aa2cc6c20, 0x0000014aa2cc6dd8]
Event: 39.945 Thread 0x0000014a820c6430 nmethod 26830 0x0000014aa3460390 code [0x0000014aa34608e0, 0x0000014aa3463948]

GC Heap History (20 events):
Event: 22.380 GC heap before
{Heap before GC invocations=50 (full 0):
 garbage-first heap   total 258048K, used 206561K [0x0000000080000000, 0x0000000100000000)
  region size 1024K, 59 young (60416K), 8 survivors (8192K)
 Metaspace       used 111543K, committed 112448K, reserved 1179648K
  class space    used 15126K, committed 15552K, reserved 1048576K
}
Event: 22.385 GC heap after
{Heap after GC invocations=51 (full 0):
 garbage-first heap   total 258048K, used 157777K [0x0000000080000000, 0x0000000100000000)
  region size 1024K, 3 young (3072K), 3 survivors (3072K)
 Metaspace       used 111543K, committed 112448K, reserved 1179648K
  class space    used 15126K, committed 15552K, reserved 1048576K
}
Event: 22.659 GC heap before
{Heap before GC invocations=51 (full 0):
 garbage-first heap   total 258048K, used 208977K [0x0000000080000000, 0x0000000100000000)
  region size 1024K, 54 young (55296K), 3 survivors (3072K)
 Metaspace       used 113696K, committed 114624K, reserved 1179648K
  class space    used 15396K, committed 15872K, reserved 1048576K
}
Event: 22.666 GC heap after
{Heap after GC invocations=52 (full 0):
 garbage-first heap   total 402432K, used 161638K [0x0000000080000000, 0x0000000100000000)
  region size 1024K, 7 young (7168K), 7 survivors (7168K)
 Metaspace       used 113696K, committed 114624K, reserved 1179648K
  class space    used 15396K, committed 15872K, reserved 1048576K
}
Event: 24.124 GC heap before
{Heap before GC invocations=52 (full 0):
 garbage-first heap   total 402432K, used 326502K [0x0000000080000000, 0x0000000100000000)
  region size 1024K, 156 young (159744K), 7 survivors (7168K)
 Metaspace       used 118506K, committed 119488K, reserved 1179648K
  class space    used 15939K, committed 16448K, reserved 1048576K
}
Event: 24.132 GC heap after
{Heap after GC invocations=53 (full 0):
 garbage-first heap   total 402432K, used 179090K [0x0000000080000000, 0x0000000100000000)
  region size 1024K, 14 young (14336K), 14 survivors (14336K)
 Metaspace       used 118506K, committed 119488K, reserved 1179648K
  class space    used 15939K, committed 16448K, reserved 1048576K
}
Event: 24.930 GC heap before
{Heap before GC invocations=53 (full 0):
 garbage-first heap   total 402432K, used 320402K [0x0000000080000000, 0x0000000100000000)
  region size 1024K, 153 young (156672K), 14 survivors (14336K)
 Metaspace       used 119102K, committed 120064K, reserved 1179648K
  class space    used 16040K, committed 16512K, reserved 1048576K
}
Event: 24.938 GC heap after
{Heap after GC invocations=54 (full 0):
 garbage-first heap   total 402432K, used 170746K [0x0000000080000000, 0x0000000100000000)
  region size 1024K, 11 young (11264K), 11 survivors (11264K)
 Metaspace       used 119102K, committed 120064K, reserved 1179648K
  class space    used 16040K, committed 16512K, reserved 1048576K
}
Event: 30.636 GC heap before
{Heap before GC invocations=54 (full 0):
 garbage-first heap   total 402432K, used 327418K [0x0000000080000000, 0x0000000100000000)
  region size 1024K, 165 young (168960K), 11 survivors (11264K)
 Metaspace       used 122951K, committed 123968K, reserved 1179648K
  class space    used 16539K, committed 17024K, reserved 1048576K
}
Event: 30.643 GC heap after
{Heap after GC invocations=55 (full 0):
 garbage-first heap   total 402432K, used 174300K [0x0000000080000000, 0x0000000100000000)
  region size 1024K, 15 young (15360K), 15 survivors (15360K)
 Metaspace       used 122951K, committed 123968K, reserved 1179648K
  class space    used 16539K, committed 17024K, reserved 1048576K
}
Event: 31.223 GC heap before
{Heap before GC invocations=55 (full 0):
 garbage-first heap   total 402432K, used 334044K [0x0000000080000000, 0x0000000100000000)
  region size 1024K, 171 young (175104K), 15 survivors (15360K)
 Metaspace       used 124325K, committed 125312K, reserved 1179648K
  class space    used 16659K, committed 17152K, reserved 1048576K
}
Event: 31.230 GC heap after
{Heap after GC invocations=56 (full 0):
 garbage-first heap   total 402432K, used 177197K [0x0000000080000000, 0x0000000100000000)
  region size 1024K, 9 young (9216K), 9 survivors (9216K)
 Metaspace       used 124325K, committed 125312K, reserved 1179648K
  class space    used 16659K, committed 17152K, reserved 1048576K
}
Event: 35.684 GC heap before
{Heap before GC invocations=56 (full 0):
 garbage-first heap   total 402432K, used 342061K [0x0000000080000000, 0x0000000100000000)
  region size 1024K, 165 young (168960K), 9 survivors (9216K)
 Metaspace       used 127383K, committed 128448K, reserved 1179648K
  class space    used 17054K, committed 17536K, reserved 1048576K
}
Event: 35.695 GC heap after
{Heap after GC invocations=57 (full 0):
 garbage-first heap   total 402432K, used 192581K [0x0000000080000000, 0x0000000100000000)
  region size 1024K, 21 young (21504K), 21 survivors (21504K)
 Metaspace       used 127383K, committed 128448K, reserved 1179648K
  class space    used 17054K, committed 17536K, reserved 1048576K
}
Event: 36.608 GC heap before
{Heap before GC invocations=57 (full 0):
 garbage-first heap   total 402432K, used 331845K [0x0000000080000000, 0x0000000100000000)
  region size 1024K, 158 young (161792K), 21 survivors (21504K)
 Metaspace       used 136347K, committed 137408K, reserved 1179648K
  class space    used 18307K, committed 18816K, reserved 1048576K
}
Event: 36.624 GC heap after
{Heap after GC invocations=58 (full 0):
 garbage-first heap   total 402432K, used 209029K [0x0000000080000000, 0x0000000100000000)
  region size 1024K, 20 young (20480K), 20 survivors (20480K)
 Metaspace       used 136347K, committed 137408K, reserved 1179648K
  class space    used 18307K, committed 18816K, reserved 1048576K
}
Event: 37.722 GC heap before
{Heap before GC invocations=58 (full 0):
 garbage-first heap   total 402432K, used 345221K [0x0000000080000000, 0x0000000100000000)
  region size 1024K, 135 young (138240K), 20 survivors (20480K)
 Metaspace       used 141232K, committed 142336K, reserved 1179648K
  class space    used 18972K, committed 19520K, reserved 1048576K
}
Event: 37.740 GC heap after
{Heap after GC invocations=59 (full 0):
 garbage-first heap   total 402432K, used 230232K [0x0000000080000000, 0x0000000100000000)
  region size 1024K, 15 young (15360K), 15 survivors (15360K)
 Metaspace       used 141232K, committed 142336K, reserved 1179648K
  class space    used 18972K, committed 19520K, reserved 1048576K
}
Event: 38.603 GC heap before
{Heap before GC invocations=59 (full 0):
 garbage-first heap   total 402432K, used 329560K [0x0000000080000000, 0x0000000100000000)
  region size 1024K, 112 young (114688K), 15 survivors (15360K)
 Metaspace       used 142157K, committed 143232K, reserved 1179648K
  class space    used 19052K, committed 19584K, reserved 1048576K
}
Event: 38.613 GC heap after
{Heap after GC invocations=60 (full 0):
 garbage-first heap   total 402432K, used 233622K [0x0000000080000000, 0x0000000100000000)
  region size 1024K, 3 young (3072K), 3 survivors (3072K)
 Metaspace       used 142157K, committed 143232K, reserved 1179648K
  class space    used 19052K, committed 19584K, reserved 1048576K
}

Dll operation events (3 events):
Event: 0.009 Loaded shared library C:\Users\adity.KARUNA\.jdks\jbr-17.0.12\bin\java.dll
Event: 0.028 Loaded shared library C:\Users\adity.KARUNA\.jdks\jbr-17.0.12\bin\jsvml.dll
Event: 0.422 Loaded shared library C:\Users\adity.KARUNA\.jdks\jbr-17.0.12\bin\verify.dll

Deoptimization events (20 events):
Event: 38.759 Thread 0x0000014a8082d390 Uncommon trap: trap_request=0xffffff45 fr.pc=0x0000014aa94a42bc relative=0x000000000000431c
Event: 38.759 Thread 0x0000014a8082d390 Uncommon trap: reason=unstable_if action=reinterpret pc=0x0000014aa94a42bc method=com.android.tools.r8.internal.S10.v()Lcom/android/tools/r8/internal/S10; @ 6 c2
Event: 38.759 Thread 0x0000014a8082d390 DEOPT PACKING pc=0x0000014aa94a42bc sp=0x00000042c04f9990
Event: 38.759 Thread 0x0000014a8082d390 DEOPT UNPACKING pc=0x0000014aa7e269a3 sp=0x00000042c04f99a0 mode 2
Event: 38.767 Thread 0x0000014a8082d390 Uncommon trap: trap_request=0xffffffde fr.pc=0x0000014aa8c26a58 relative=0x0000000000000718
Event: 38.767 Thread 0x0000014a8082d390 Uncommon trap: reason=class_check action=maybe_recompile pc=0x0000014aa8c26a58 method=java.security.MessageDigest$Delegate.clone()Ljava/lang/Object; @ 15 c2
Event: 38.767 Thread 0x0000014a8082d390 DEOPT PACKING pc=0x0000014aa8c26a58 sp=0x00000042c04f9c10
Event: 38.767 Thread 0x0000014a8082d390 DEOPT UNPACKING pc=0x0000014aa7e269a3 sp=0x00000042c04f9be8 mode 2
Event: 38.784 Thread 0x0000014a8082d390 Uncommon trap: trap_request=0xffffff6e fr.pc=0x0000014aa933d010 relative=0x00000000000008d0
Event: 38.784 Thread 0x0000014a8082d390 Uncommon trap: reason=loop_limit_check action=maybe_recompile pc=0x0000014aa933d010 method=com.android.tools.r8.graph.u2.a([C)I @ 8 c2
Event: 38.784 Thread 0x0000014a8082d390 DEOPT PACKING pc=0x0000014aa933d010 sp=0x00000042c04f9930
Event: 38.784 Thread 0x0000014a8082d390 DEOPT UNPACKING pc=0x0000014aa7e269a3 sp=0x00000042c04f9890 mode 2
Event: 38.798 Thread 0x0000014a8082d390 Uncommon trap: trap_request=0xffffff45 fr.pc=0x0000014aa8f09678 relative=0x0000000000004658
Event: 38.798 Thread 0x0000014a8082d390 Uncommon trap: reason=unstable_if action=reinterpret pc=0x0000014aa8f09678 method=com.android.tools.r8.ir.regalloc.c.z()Z @ 4 c2
Event: 38.798 Thread 0x0000014a8082d390 DEOPT PACKING pc=0x0000014aa8f09678 sp=0x00000042c04f9e60
Event: 38.798 Thread 0x0000014a8082d390 DEOPT UNPACKING pc=0x0000014aa7e269a3 sp=0x00000042c04f9e18 mode 2
Event: 38.853 Thread 0x0000014a8082d390 Uncommon trap: trap_request=0xffffff6e fr.pc=0x0000014aa937b8e0 relative=0x0000000000005780
Event: 38.853 Thread 0x0000014a8082d390 Uncommon trap: reason=loop_limit_check action=maybe_recompile pc=0x0000014aa937b8e0 method=com.android.tools.r8.internal.Oq.a()I @ 64 c2
Event: 38.853 Thread 0x0000014a8082d390 DEOPT PACKING pc=0x0000014aa937b8e0 sp=0x00000042c04f9ae0
Event: 38.853 Thread 0x0000014a8082d390 DEOPT UNPACKING pc=0x0000014aa7e269a3 sp=0x00000042c04f9918 mode 2

Classes loaded (20 events):
Event: 35.851 Loading class java/lang/Throwable$WrappedPrintWriter
Event: 35.852 Loading class java/lang/Throwable$PrintStreamOrWriter
Event: 35.852 Loading class java/lang/Throwable$PrintStreamOrWriter done
Event: 35.852 Loading class java/lang/Throwable$WrappedPrintWriter done
Event: 36.523 Loading class java/util/PriorityQueue
Event: 36.523 Loading class java/util/PriorityQueue done
Event: 36.777 Loading class java/nio/ShortBuffer
Event: 36.778 Loading class java/nio/ShortBuffer done
Event: 36.810 Loading class java/nio/ByteBufferAsShortBufferL
Event: 36.810 Loading class java/nio/ByteBufferAsShortBufferL done
Event: 36.828 Loading class java/util/zip/Adler32
Event: 36.829 Loading class java/util/zip/Adler32 done
Event: 36.916 Loading class java/util/SortedSet$1
Event: 36.916 Loading class java/util/SortedSet$1 done
Event: 36.917 Loading class java/util/stream/SliceOps
Event: 36.917 Loading class java/util/stream/SliceOps done
Event: 36.918 Loading class java/util/stream/SliceOps$1
Event: 36.918 Loading class java/util/stream/SliceOps$1 done
Event: 36.922 Loading class java/util/stream/SliceOps$1$1
Event: 36.922 Loading class java/util/stream/SliceOps$1$1 done

Classes unloaded (0 events):
No events

Classes redefined (0 events):
No events

Internal exceptions (20 events):
Event: 36.459 Thread 0x0000014a86384a80 Exception <a 'java/lang/NoSuchMethodError'{0x0000000091e94db8}: 'void java.lang.invoke.DirectMethodHandle$Holder.invokeSpecial(java.lang.Object, java.lang.Object, int, java.lang.Object)'> (0x0000000091e94db8) 
thrown [s\src\hotspot\share\interpreter\linkResolver.cpp, line 771]
Event: 36.541 Thread 0x0000014a86384a80 Exception <a 'java/lang/NoSuchMethodError'{0x00000000910ff178}: 'int java.lang.invoke.DirectMethodHandle$Holder.invokeSpecial(java.lang.Object, java.lang.Object, java.lang.Object, int, java.lang.Object)'> (0x00000000910ff178) 
thrown [s\src\hotspot\share\interpreter\linkResolver.cpp, line 771]
Event: 36.648 Thread 0x0000014a86384a80 Exception <a 'java/lang/NoSuchMethodError'{0x0000000098213498}: 'java.lang.Object java.lang.invoke.DirectMethodHandle$Holder.newInvokeSpecial(java.lang.Object, java.lang.Object, int, java.lang.Object, java.lang.Object, java.lang.Object)'> (0x0000000098213498) 
thrown [s\src\hotspot\share\interpreter\linkResolver.cpp, line 771]
Event: 36.649 Thread 0x0000014a86384a80 Exception <a 'java/lang/NoSuchMethodError'{0x000000009821bc58}: 'java.lang.Object java.lang.invoke.Invokers$Holder.linkToTargetMethod(java.lang.Object, int, java.lang.Object, java.lang.Object, java.lang.Object, java.lang.Object)'> (0x000000009821bc58) 
thrown [s\src\hotspot\share\interpreter\linkResolver.cpp, line 771]
Event: 36.650 Thread 0x0000014a86384a80 Exception <a 'java/lang/NoSuchMethodError'{0x00000000982209d8}: 'void java.lang.invoke.DirectMethodHandle$Holder.invokeSpecial(java.lang.Object, java.lang.Object, java.lang.Object, int, java.lang.Object, java.lang.Object, java.lang.Object, java.lang.Object)'> (0x00000000982209d8) 
thrown [s\src\hotspot\share\interpreter\linkResolver.cpp, line 771]
Event: 36.653 Thread 0x0000014a86384a80 Exception <a 'java/lang/NoSuchMethodError'{0x00000000981916c0}: 'void java.lang.invoke.DirectMethodHandle$Holder.invokeStatic(java.lang.Object, java.lang.Object, java.lang.Object, java.lang.Object, java.lang.Object, java.lang.Object, java.lang.Object, java.lang.Object)'> (0x00000000981916c0) 
thrown [s\src\hotspot\share\interpreter\linkResolver.cpp, line 771]
Event: 36.746 Thread 0x0000014a86384a80 Exception <a 'java/lang/IncompatibleClassChangeError'{0x000000009681bb40}: Found class java.lang.Object, but interface was expected> (0x000000009681bb40) 
thrown [s\src\hotspot\share\interpreter\linkResolver.cpp, line 838]
Event: 36.764 Thread 0x0000014a86384a80 Exception <a 'java/lang/NoSuchMethodError'{0x00000000967bd040}: 'long java.lang.invoke.DirectMethodHandle$Holder.invokeStatic(java.lang.Object, java.lang.Object)'> (0x00000000967bd040) 
thrown [s\src\hotspot\share\interpreter\linkResolver.cpp, line 771]
Event: 36.809 Thread 0x0000014a86384a80 Exception <a 'java/lang/NoSuchMethodError'{0x0000000095eb4090}: 'void java.lang.invoke.DirectMethodHandle$Holder.invokeSpecial(java.lang.Object, java.lang.Object, int)'> (0x0000000095eb4090) 
thrown [s\src\hotspot\share\interpreter\linkResolver.cpp, line 771]
Event: 36.836 Thread 0x0000014a86384a80 Exception <a 'sun/nio/fs/WindowsException'{0x000000009573c000}> (0x000000009573c000) 
thrown [s\src\hotspot\share\prims\jni.cpp, line 531]
Event: 36.925 Thread 0x0000014a8082d390 Exception <a 'java/lang/NoSuchMethodError'{0x0000000093ebb208}: 'int java.lang.invoke.DirectMethodHandle$Holder.invokeSpecial(java.lang.Object, java.lang.Object, java.lang.Object, int)'> (0x0000000093ebb208) 
thrown [s\src\hotspot\share\interpreter\linkResolver.cpp, line 771]
Event: 37.421 Thread 0x0000014a8082d390 Exception <a 'java/lang/NoSuchMethodError'{0x0000000092a5dc50}: 'java.lang.Object java.lang.invoke.DirectMethodHandle$Holder.invokeInterface(java.lang.Object, java.lang.Object, int)'> (0x0000000092a5dc50) 
thrown [s\src\hotspot\share\interpreter\linkResolver.cpp, line 771]
Event: 37.631 Thread 0x0000014a8082d390 Exception <a 'java/lang/NoSuchMethodError'{0x0000000091b841c0}: 'java.lang.Object java.lang.invoke.DirectMethodHandle$Holder.newInvokeSpecial(java.lang.Object, java.lang.Object, java.lang.Object, java.lang.Object, java.lang.Object, java.lang.Object, java.lang.Object, java.lang.Object, java.lang.Object, java.lang.Object)'> (0x0000000091b841c0) 
thrown [s\src\hotspot\share\interpreter\linkResolver.cpp, line 771]
Event: 37.631 Thread 0x0000014a8082d390 Exception <a 'java/lang/NoSuchMethodError'{0x0000000091b891c0}: 'int java.lang.invoke.DirectMethodHandle$Holder.invokeSpecial(java.lang.Object, java.lang.Object, int)'> (0x0000000091b891c0) 
thrown [s\src\hotspot\share\interpreter\linkResolver.cpp, line 771]
Event: 37.638 Thread 0x0000014a8082d390 Exception <a 'java/lang/IncompatibleClassChangeError'{0x0000000091be6b90}: Found class java.lang.Object, but interface was expected> (0x0000000091be6b90) 
thrown [s\src\hotspot\share\interpreter\linkResolver.cpp, line 838]
Event: 37.640 Thread 0x0000014a8082d390 Exception <a 'java/lang/NoSuchMethodError'{0x0000000091a08268}: 'void java.lang.invoke.DirectMethodHandle$Holder.invokeSpecialIFC(java.lang.Object, java.lang.Object, java.lang.Object, java.lang.Object)'> (0x0000000091a08268) 
thrown [s\src\hotspot\share\interpreter\linkResolver.cpp, line 771]
Event: 37.777 Thread 0x0000014a8082d390 Exception <a 'java/lang/NoSuchMethodError'{0x00000000986eb9e8}: 'int java.lang.invoke.DirectMethodHandle$Holder.invokeStatic(java.lang.Object, java.lang.Object, int, java.lang.Object)'> (0x00000000986eb9e8) 
thrown [s\src\hotspot\share\interpreter\linkResolver.cpp, line 771]
Event: 37.902 Thread 0x0000014a8082d390 Implicit null exception at 0x0000014aa9401cf0 to 0x0000014aa9401ddc
Event: 38.642 Thread 0x0000014a87407cd0 Exception <a 'java/io/IOException'{0x0000000098403b38}> (0x0000000098403b38) 
thrown [s\src\hotspot\share\prims\jni.cpp, line 531]
Event: 38.720 Thread 0x0000014a8082d390 Exception <a 'java/lang/NoSuchMethodError'{0x000000009779e708}: 'int java.lang.invoke.DirectMethodHandle$Holder.invokeInterface(java.lang.Object, java.lang.Object, int)'> (0x000000009779e708) 
thrown [s\src\hotspot\share\interpreter\linkResolver.cpp, line 771]

VM Operations (20 events):
Event: 37.943 Executing VM operation: ICBufferFull
Event: 37.944 Executing VM operation: ICBufferFull done
Event: 37.987 Executing VM operation: HandshakeAllThreads
Event: 37.987 Executing VM operation: HandshakeAllThreads done
Event: 38.140 Executing VM operation: ICBufferFull
Event: 38.140 Executing VM operation: ICBufferFull done
Event: 38.360 Executing VM operation: ICBufferFull
Event: 38.361 Executing VM operation: ICBufferFull done
Event: 38.475 Executing VM operation: HandshakeAllThreads
Event: 38.476 Executing VM operation: HandshakeAllThreads done
Event: 38.536 Executing VM operation: ICBufferFull
Event: 38.536 Executing VM operation: ICBufferFull done
Event: 38.544 Executing VM operation: HandshakeAllThreads
Event: 38.545 Executing VM operation: HandshakeAllThreads done
Event: 38.602 Executing VM operation: G1CollectForAllocation
Event: 38.613 Executing VM operation: G1CollectForAllocation done
Event: 38.679 Executing VM operation: HandshakeAllThreads
Event: 38.679 Executing VM operation: HandshakeAllThreads done
Event: 38.762 Executing VM operation: ICBufferFull
Event: 38.763 Executing VM operation: ICBufferFull done

Events (20 events):
Event: 38.733 Thread 0x0000014ab8661fe0 flushing nmethod 0x0000014aa33b5e10
Event: 38.733 Thread 0x0000014ab8661fe0 flushing nmethod 0x0000014aa33deb10
Event: 38.734 Thread 0x0000014ab8661fe0 flushing nmethod 0x0000014aa3421610
Event: 38.734 Thread 0x0000014ab8661fe0 flushing nmethod 0x0000014aa3460390
Event: 38.734 Thread 0x0000014ab8661fe0 flushing nmethod 0x0000014aa346f890
Event: 38.734 Thread 0x0000014ab8661fe0 flushing nmethod 0x0000014aa3494a90
Event: 38.735 Thread 0x0000014ab8661fe0 flushing nmethod 0x0000014aa34f4e90
Event: 38.735 Thread 0x0000014ab8661fe0 flushing nmethod 0x0000014aa34f5910
Event: 38.735 Thread 0x0000014ab8661fe0 flushing nmethod 0x0000014aa3500a90
Event: 38.735 Thread 0x0000014ab8661fe0 flushing nmethod 0x0000014aa350a410
Event: 38.735 Thread 0x0000014ab8661fe0 flushing nmethod 0x0000014aa353fa90
Event: 38.735 Thread 0x0000014ab8661fe0 flushing nmethod 0x0000014aa3541890
Event: 38.735 Thread 0x0000014ab8661fe0 flushing nmethod 0x0000014aa3561510
Event: 38.735 Thread 0x0000014ab8661fe0 flushing nmethod 0x0000014aa3569210
Event: 38.735 Thread 0x0000014ab8661fe0 flushing nmethod 0x0000014aa356d310
Event: 38.735 Thread 0x0000014ab8661fe0 flushing nmethod 0x0000014aa35a3a90
Event: 38.735 Thread 0x0000014ab8661fe0 flushing nmethod 0x0000014aa35a7590
Event: 38.735 Thread 0x0000014ab8661fe0 flushing nmethod 0x0000014aa35ec590
Event: 38.735 Thread 0x0000014ab8661fe0 flushing nmethod 0x0000014aa35ed890
Event: 38.735 Thread 0x0000014ab8661fe0 flushing nmethod 0x0000014aa35f5d10


Dynamic libraries:
0x00007ff7fe9a0000 - 0x00007ff7fe9aa000 	C:\Users\adity.KARUNA\.jdks\jbr-17.0.12\bin\java.exe
0x00007ff83eec0000 - 0x00007ff83f123000 	C:\windows\SYSTEM32\ntdll.dll
0x00007ff83dd20000 - 0x00007ff83dde7000 	C:\windows\System32\KERNEL32.DLL
0x00007ff83c930000 - 0x00007ff83ccf7000 	C:\windows\System32\KERNELBASE.dll
0x00007ff83c430000 - 0x00007ff83c57c000 	C:\windows\System32\ucrtbase.dll
0x00007ff826bd0000 - 0x00007ff826be7000 	C:\Users\adity.KARUNA\.jdks\jbr-17.0.12\bin\jli.dll
0x00007ff818930000 - 0x00007ff81894b000 	C:\Users\adity.KARUNA\.jdks\jbr-17.0.12\bin\VCRUNTIME140.dll
0x00007ff83de10000 - 0x00007ff83dfd9000 	C:\windows\System32\USER32.dll
0x00007ff83c640000 - 0x00007ff83c667000 	C:\windows\System32\win32u.dll
0x00007ff825f30000 - 0x00007ff8261c0000 	C:\windows\WinSxS\amd64_microsoft.windows.common-controls_6595b64144ccf1df_6.0.26100.3037_none_3e09262ce333c378\COMCTL32.dll
0x00007ff83dcf0000 - 0x00007ff83dd1a000 	C:\windows\System32\GDI32.dll
0x00007ff83ecb0000 - 0x00007ff83ed59000 	C:\windows\System32\msvcrt.dll
0x00007ff83c260000 - 0x00007ff83c38b000 	C:\windows\System32\gdi32full.dll
0x00007ff83c7f0000 - 0x00007ff83c893000 	C:\windows\System32\msvcp_win.dll
0x00007ff83d520000 - 0x00007ff83d54f000 	C:\windows\System32\IMM32.DLL
0x00007ff836df0000 - 0x00007ff836dfc000 	C:\Users\adity.KARUNA\.jdks\jbr-17.0.12\bin\vcruntime140_1.dll
0x00007fffe4e00000 - 0x00007fffe4e8d000 	C:\Users\adity.KARUNA\.jdks\jbr-17.0.12\bin\msvcp140.dll
0x00007fffd75a0000 - 0x00007fffd822a000 	C:\Users\adity.KARUNA\.jdks\jbr-17.0.12\bin\server\jvm.dll
0x00007ff83e1d0000 - 0x00007ff83e284000 	C:\windows\System32\ADVAPI32.dll
0x00007ff83e4f0000 - 0x00007ff83e596000 	C:\windows\System32\sechost.dll
0x00007ff83d570000 - 0x00007ff83d686000 	C:\windows\System32\RPCRT4.dll
0x00007ff83dc70000 - 0x00007ff83dce4000 	C:\windows\System32\WS2_32.dll
0x00007ff83b990000 - 0x00007ff83b9de000 	C:\windows\SYSTEM32\POWRPROF.dll
0x00007ff82eff0000 - 0x00007ff82f026000 	C:\windows\SYSTEM32\WINMM.dll
0x00007ff8337a0000 - 0x00007ff8337ab000 	C:\windows\SYSTEM32\VERSION.dll
0x00007ff83b970000 - 0x00007ff83b984000 	C:\windows\SYSTEM32\UMPDC.dll
0x00007ff83b050000 - 0x00007ff83b06a000 	C:\windows\SYSTEM32\kernel.appcore.dll
0x00007ff826fc0000 - 0x00007ff826fca000 	C:\Users\adity.KARUNA\.jdks\jbr-17.0.12\bin\jimage.dll
0x00007ff839ae0000 - 0x00007ff839d21000 	C:\windows\SYSTEM32\DBGHELP.DLL
0x00007ff83d0d0000 - 0x00007ff83d44e000 	C:\windows\System32\combase.dll
0x00007ff83ce40000 - 0x00007ff83cf16000 	C:\windows\System32\OLEAUT32.dll
0x00007ff81a650000 - 0x00007ff81a689000 	C:\windows\SYSTEM32\dbgcore.DLL
0x00007ff83c390000 - 0x00007ff83c429000 	C:\windows\System32\bcryptPrimitives.dll
0x00007ff818030000 - 0x00007ff818055000 	C:\Users\adity.KARUNA\.jdks\jbr-17.0.12\bin\java.dll
0x00007fffda2e0000 - 0x00007fffda3b7000 	C:\Users\adity.KARUNA\.jdks\jbr-17.0.12\bin\jsvml.dll
0x00007ff83e5a0000 - 0x00007ff83eca4000 	C:\windows\System32\SHELL32.dll
0x00007ff839f20000 - 0x00007ff83a757000 	C:\windows\SYSTEM32\windows.storage.dll
0x00007ff83ed90000 - 0x00007ff83ee79000 	C:\windows\System32\SHCORE.dll
0x00007ff83d4c0000 - 0x00007ff83d51d000 	C:\windows\System32\shlwapi.dll
0x00007ff83c170000 - 0x00007ff83c19e000 	C:\windows\SYSTEM32\profapi.dll
0x00007ff817b80000 - 0x00007ff817b98000 	C:\Users\adity.KARUNA\.jdks\jbr-17.0.12\bin\zip.dll
0x00007ff817b40000 - 0x00007ff817b59000 	C:\Users\adity.KARUNA\.jdks\jbr-17.0.12\bin\net.dll
0x00007ff8379f0000 - 0x00007ff837b0e000 	C:\windows\SYSTEM32\WINHTTP.dll
0x00007ff83b540000 - 0x00007ff83b5aa000 	C:\windows\system32\mswsock.dll
0x00007ff817b20000 - 0x00007ff817b36000 	C:\Users\adity.KARUNA\.jdks\jbr-17.0.12\bin\nio.dll
0x00007ff826d10000 - 0x00007ff826d20000 	C:\Users\adity.KARUNA\.jdks\jbr-17.0.12\bin\verify.dll
0x00007ff81fe70000 - 0x00007ff81fe97000 	C:\Users\adity.KARUNA\.gradle\native\68d5fa5c4cc2d200863cafc0d521ce42e7d3e7ee720ec0a83991735586a16f82\windows-amd64\native-platform.dll
0x00007fffda190000 - 0x00007fffda2d4000 	C:\Users\adity.KARUNA\.gradle\native\e376f236ea51e6404a007f0833ffe2c6e607c4080706a723a18a27aeea778392\windows-amd64\native-platform-file-events.dll
0x00007ff826ce0000 - 0x00007ff826ce9000 	C:\Users\adity.KARUNA\.jdks\jbr-17.0.12\bin\management.dll
0x00007ff824390000 - 0x00007ff82439b000 	C:\Users\adity.KARUNA\.jdks\jbr-17.0.12\bin\management_ext.dll
0x00007ff83e460000 - 0x00007ff83e468000 	C:\windows\System32\PSAPI.DLL
0x00007ff83ba00000 - 0x00007ff83ba1c000 	C:\windows\SYSTEM32\CRYPTSP.dll
0x00007ff83afb0000 - 0x00007ff83afe8000 	C:\windows\system32\rsaenh.dll
0x00007ff83b5e0000 - 0x00007ff83b60b000 	C:\windows\SYSTEM32\USERENV.dll
0x00007ff83bb90000 - 0x00007ff83bbb6000 	C:\windows\SYSTEM32\bcrypt.dll
0x00007ff83b7e0000 - 0x00007ff83b7ec000 	C:\windows\SYSTEM32\CRYPTBASE.dll
0x00007ff83aac0000 - 0x00007ff83aaf2000 	C:\windows\SYSTEM32\IPHLPAPI.DLL
0x00007ff83d560000 - 0x00007ff83d56a000 	C:\windows\System32\NSI.dll
0x00007ff8386c0000 - 0x00007ff8386df000 	C:\windows\SYSTEM32\dhcpcsvc6.DLL
0x00007ff8383f0000 - 0x00007ff838415000 	C:\windows\SYSTEM32\dhcpcsvc.DLL
0x00007ff83ab60000 - 0x00007ff83ac85000 	C:\windows\SYSTEM32\DNSAPI.dll
0x00007ff81feb0000 - 0x00007ff81feb9000 	C:\Users\adity.KARUNA\.jdks\jbr-17.0.12\bin\extnet.dll
0x00007ff81fcc0000 - 0x00007ff81fcce000 	C:\Users\adity.KARUNA\.jdks\jbr-17.0.12\bin\sunmscapi.dll
0x00007ff83c670000 - 0x00007ff83c7e6000 	C:\windows\System32\CRYPT32.dll
0x00007ff83bb50000 - 0x00007ff83bb80000 	C:\windows\SYSTEM32\ncrypt.dll
0x00007ff83bb00000 - 0x00007ff83bb3f000 	C:\windows\SYSTEM32\NTASN1.dll
0x00007ff827090000 - 0x00007ff827098000 	C:\windows\system32\wshunix.dll
0x00007ff836f70000 - 0x00007ff836f7b000 	C:\Windows\System32\rasadhlp.dll
0x00007ff838910000 - 0x00007ff838995000 	C:\windows\System32\fwpuclnt.dll
0x00007ff806280000 - 0x00007ff806298000 	C:\windows\system32\napinsp.dll
0x00007ff806260000 - 0x00007ff806272000 	C:\windows\System32\winrnr.dll
0x00007ff806230000 - 0x00007ff806252000 	C:\windows\system32\nlansp_c.dll
0x00007ff806210000 - 0x00007ff806226000 	C:\windows\system32\wshbth.dll
0x00007ff83b170000 - 0x00007ff83b1a5000 	C:\windows\SYSTEM32\ntmarta.dll
0x00007fffd9e00000 - 0x00007fffd9f9a000 	C:\Users\adity.KARUNA\.jdks\jbr-17.0.12\bin\awt.dll
0x00007ff8394c0000 - 0x00007ff8394ee000 	C:\windows\SYSTEM32\dwmapi.dll
0x00007ff826af0000 - 0x00007ff826b34000 	C:\Users\adity.KARUNA\.jdks\jbr-17.0.12\bin\nvdaControllerClient64.dll
0x00007ff8368b0000 - 0x00007ff83694c000 	C:\windows\SYSTEM32\apphelp.dll
0x00007ff8391a0000 - 0x00007ff83924d000 	C:\windows\system32\uxtheme.dll
0x00007ff83dfe0000 - 0x00007ff83e13c000 	C:\windows\System32\MSCTF.dll
0x00007ff83cf30000 - 0x00007ff83d0c5000 	C:\windows\System32\ole32.dll
0x00007ff826ea0000 - 0x00007ff826ebe000 	C:\Users\adity.KARUNA\AppData\Local\Temp\native-platform3715443153488768040dir\native-platform.dll
0x00007ff834ea0000 - 0x00007ff834ea7000 	C:\Users\adity.KARUNA\.jdks\jbr-17.0.12\bin\rmi.dll

dbghelp: loaded successfully - version: 4.0.5 - missing functions: none
symbol engine: initialized successfully - sym options: 0x614 - pdb path: .;C:\Users\adity.KARUNA\.jdks\jbr-17.0.12\bin;C:\windows\SYSTEM32;C:\windows\WinSxS\amd64_microsoft.windows.common-controls_6595b64144ccf1df_6.0.26100.3037_none_3e09262ce333c378;C:\Users\adity.KARUNA\.jdks\jbr-17.0.12\bin\server;C:\Users\adity.KARUNA\.gradle\native\68d5fa5c4cc2d200863cafc0d521ce42e7d3e7ee720ec0a83991735586a16f82\windows-amd64;C:\Users\adity.KARUNA\.gradle\native\e376f236ea51e6404a007f0833ffe2c6e607c4080706a723a18a27aeea778392\windows-amd64;C:\Users\adity.KARUNA\AppData\Local\Temp\native-platform3715443153488768040dir

VM Arguments:
jvm_args: --add-opens=java.base/java.util=ALL-UNNAMED --add-opens=java.base/java.lang=ALL-UNNAMED --add-opens=java.base/java.lang.invoke=ALL-UNNAMED --add-opens=java.prefs/java.util.prefs=ALL-UNNAMED --add-opens=java.base/java.nio.charset=ALL-UNNAMED --add-opens=java.base/java.net=ALL-UNNAMED --add-opens=java.base/java.util.concurrent.atomic=ALL-UNNAMED -Xmx2048m -Dfile.encoding=UTF-8 -Duser.country=US -Duser.language=en -Duser.variant 
java_command: org.gradle.launcher.daemon.bootstrap.GradleDaemon 8.0
java_class_path (initial): C:\Users\adity.KARUNA\.gradle\wrapper\dists\gradle-8.0-bin\ca5e32bp14vu59qr306oxotwh\gradle-8.0\lib\gradle-launcher-8.0.jar
Launcher Type: SUN_STANDARD

[Global flags]
     intx CICompilerCount                          = 12                                        {product} {ergonomic}
     uint ConcGCThreads                            = 3                                         {product} {ergonomic}
     uint G1ConcRefinementThreads                  = 13                                        {product} {ergonomic}
   size_t G1HeapRegionSize                         = 1048576                                   {product} {ergonomic}
    uintx GCDrainStackTargetSize                   = 64                                        {product} {ergonomic}
   size_t InitialHeapSize                          = 266338304                                 {product} {ergonomic}
   size_t MarkStackSize                            = 4194304                                   {product} {ergonomic}
   size_t MaxHeapSize                              = 2147483648                                {product} {command line}
   size_t MaxNewSize                               = 1287651328                                {product} {ergonomic}
   size_t MinHeapDeltaBytes                        = 1048576                                   {product} {ergonomic}
   size_t MinHeapSize                              = 8388608                                   {product} {ergonomic}
    uintx NonNMethodCodeHeapSize                   = 7602480                                {pd product} {ergonomic}
    uintx NonProfiledCodeHeapSize                  = 122027880                              {pd product} {ergonomic}
    uintx ProfiledCodeHeapSize                     = 122027880                              {pd product} {ergonomic}
    uintx ReservedCodeCacheSize                    = 251658240                              {pd product} {ergonomic}
     bool SegmentedCodeCache                       = true                                      {product} {ergonomic}
   size_t SoftMaxHeapSize                          = 2147483648                             {manageable} {ergonomic}
     bool UseCompressedClassPointers               = true                           {product lp64_product} {ergonomic}
     bool UseCompressedOops                        = true                           {product lp64_product} {ergonomic}
     bool UseG1GC                                  = true                                      {product} {ergonomic}
     bool UseLargePagesIndividualAllocation        = false                                  {pd product} {ergonomic}

Logging:
Log output configuration:
 #0: stdout all=warning uptime,level,tags
 #1: stderr all=off uptime,level,tags

Environment Variables:
JAVA_HOME=C:\Program Files\Java\jdk-21
PATH=C:\Program Files\Common Files\Oracle\Java\javapath;C:\Program Files\OpenLogic\jre-17.0.12.7-hotspot\bin;C:\windows\system32;C:\windows;C:\windows\System32\Wbem;C:\windows\System32\WindowsPowerShell\v1.0\;C:\windows\System32\OpenSSH\;C:\Program Files (x86)\NVIDIA Corporation\PhysX\Common;C:\Program Files\dotnet\;C:\Program Files\NVIDIA Corporation\NVIDIA app\NvDLISR;C:\Program Files\Git\cmd;C:\Program Files\Java\jdk-21\bin;C:\Program Files\MATLAB\R2024b\runtime\win64;C:\Program Files\MATLAB\R2024b\bin;C:\Users\adity.KARUNA\AppData\Local\Programs\Python\Launcher\;C:\Users\adity.KARUNA\AppData\Local\Microsoft\WindowsApps;C:\Users\adity.KARUNA\AppData\Local\Programs\Microsoft VS Code\bin;C:\Program Files\Tesseract-OCR;C:\Users\adity.KARUNA\AppData\Local\Microsoft\WinGet\Links;
USERNAME=adity
OS=Windows_NT
PROCESSOR_IDENTIFIER=AMD64 Family 25 Model 68 Stepping 1, AuthenticAMD
TMP=C:\Users\ADITY~1.KAR\AppData\Local\Temp
TEMP=C:\Users\ADITY~1.KAR\AppData\Local\Temp



Periodic native trim disabled

JNI global refs:
JNI global refs: 111, weak refs: 61

JNI global refs memory usage: 1475, weak refs: 2105

Process memory usage:
Resident Set Size: 981620K (5% of 16588936K total physical memory with 3953180K free physical memory)

OOME stack traces (most recent first):
Classloader memory used:
Loader org.gradle.internal.classloader.VisitableURLClassLoader                         : 7920K
Loader org.gradle.internal.classloader.VisitableURLClassLoader                         : 5002K
Loader bootstrap                                                                       : 3019K
Loader org.gradle.initialization.MixInLegacyTypesClassLoader                           : 1523K
Loader jdk.internal.reflect.DelegatingClassLoader                                      : 164K
Loader jdk.internal.loader.ClassLoaders$PlatformClassLoader                            : 104K
Loader org.gradle.groovy.scripts.internal.DefaultScriptCompilationHandler$ScriptClassLoader: 39090B
Loader jdk.internal.loader.ClassLoaders$AppClassLoader                                 : 26096B
Loader org.codehaus.groovy.runtime.callsite.CallSiteClassLoader                        : 3735B
Loader sun.reflect.misc.MethodUtil                                                     : 373B

Classes loaded by more than one classloader:
Class com.google.common.reflect.TypeCapture                                           : loaded 2 times (x 69B)
Class org.gradle.internal.installation.GradleInstallation                             : loaded 2 times (x 73B)
Class com.google.common.collect.UsingToStringOrdering                                 : loaded 2 times (x 112B)
Class [Lcom.google.common.collect.MapMakerInternalMap$Segment;                        : loaded 2 times (x 67B)
Class com.google.common.collect.Iterators$MergingIterator                             : loaded 2 times (x 79B)
Class com.google.common.io.Closer$SuppressingSuppressor                               : loaded 2 times (x 73B)
Class net.rubygrapefruit.platform.internal.FunctionResult$Failure                     : loaded 2 times (x 77B)
Class org.objectweb.asm.ModuleVisitor                                                 : loaded 2 times (x 78B)
Class com.google.common.io.ByteSource                                                 : loaded 2 times (x 82B)
Class [Lcom.google.common.collect.AbstractMapEntry;                                   : loaded 2 times (x 67B)
Class com.google.common.io.AppendableWriter                                           : loaded 2 times (x 98B)
Class com.google.common.collect.ImmutableRangeSet$AsSet                               : loaded 2 times (x 233B)
Class com.google.common.collect.SingletonImmutableList                                : loaded 2 times (x 167B)
Class com.google.common.cache.CacheLoader$SupplierToCacheLoader                       : loaded 2 times (x 73B)
Class org.gradle.internal.classpath.ClassPath                                         : loaded 2 times (x 68B)
Class com.google.common.io.FileWriteMode                                              : loaded 2 times (x 77B)
Class com.google.common.cache.RemovalListener                                         : loaded 2 times (x 68B)
Class org.gradle.api.internal.classpath.DefaultModuleRegistry                         : loaded 2 times (x 84B)
Class com.google.common.collect.FluentIterable$1                                      : loaded 2 times (x 79B)
Class com.google.common.collect.FluentIterable$2                                      : loaded 2 times (x 79B)
Class com.google.common.collect.FluentIterable$3                                      : loaded 2 times (x 79B)
Class com.google.common.collect.ImmutableEnumSet                                      : loaded 2 times (x 144B)
Class [Lcom.google.common.collect.MapMaker$Dummy;                                     : loaded 2 times (x 67B)
Class com.google.common.collect.ListMultimap                                          : loaded 2 times (x 68B)
Class com.google.common.base.CharMatcher$JavaDigit                                    : loaded 2 times (x 109B)
Class com.google.common.base.CharMatcher$Digit                                        : loaded 2 times (x 110B)
Class com.google.common.collect.AbstractMultimap                                      : loaded 2 times (x 121B)
Class com.google.common.collect.ForwardingSet                                         : loaded 2 times (x 149B)
Class com.google.common.io.ByteSource$ConcatenatedByteSource                          : loaded 2 times (x 83B)
Class com.google.common.cache.CacheBuilder$OneWeigher                                 : loaded 2 times (x 80B)
Class org.gradle.api.Action                                                           : loaded 2 times (x 68B)
Class com.google.common.io.ByteSource$SlicedByteSource                                : loaded 2 times (x 83B)
Class com.google.common.io.ByteArrayDataOutput                                        : loaded 2 times (x 68B)
Class com.google.common.collect.ImmutableEntry                                        : loaded 2 times (x 80B)
Class com.google.common.collect.Lists$StringAsImmutableList                           : loaded 2 times (x 167B)
Class com.google.common.cache.LocalCache$StrongEntry                                  : loaded 2 times (x 106B)
Class com.google.common.collect.MapMakerInternalMap$InternalEntryHelper               : loaded 2 times (x 68B)
Class org.objectweb.asm.FieldWriter                                                   : loaded 2 times (x 75B)
Class com.google.common.base.CharMatcher                                              : loaded 2 times (x 109B)
Class com.google.common.io.CharSource$AsByteSource                                    : loaded 2 times (x 83B)
Class com.google.common.base.CharMatcher$IsNot                                        : loaded 2 times (x 109B)
Class com.google.common.collect.RegularImmutableSortedSet                             : loaded 2 times (x 233B)
Class com.google.common.collect.Maps$IteratorBasedAbstractMap                         : loaded 2 times (x 123B)
Class net.rubygrapefruit.platform.internal.FunctionResult                             : loaded 2 times (x 75B)
Class com.google.common.collect.SetMultimap                                           : loaded 2 times (x 68B)
Class com.google.common.base.Splitter                                                 : loaded 2 times (x 70B)
Class [Lcom.google.common.cache.Weigher;                                              : loaded 2 times (x 67B)
Class net.rubygrapefruit.platform.internal.WrapperProcessLauncher                     : loaded 2 times (x 74B)
Class com.google.common.collect.Iterators$ArrayItr                                    : loaded 2 times (x 95B)
Class com.google.common.collect.MapMakerInternalMap$Strength                          : loaded 2 times (x 78B)
Class com.google.common.cache.LocalCache$Segment                                      : loaded 2 times (x 152B)
Class org.gradle.api.internal.DefaultClassPathProvider                                : loaded 2 times (x 74B)
Class org.gradle.internal.installation.GradleInstallation$1                           : loaded 2 times (x 73B)
Class com.google.common.cache.LocalCache$AbstractReferenceEntry                       : loaded 2 times (x 105B)
Class org.objectweb.asm.Type                                                          : loaded 2 times (x 70B)
Class com.google.common.util.concurrent.AbstractFuture$Failure                        : loaded 2 times (x 70B)
Class com.google.common.base.CharMatcher$BitSetMatcher                                : loaded 2 times (x 110B)
Class com.google.common.collect.ImmutableMap$IteratorBasedImmutableMap                : loaded 2 times (x 123B)
Class com.google.common.reflect.Reflection                                            : loaded 2 times (x 69B)
Class com.google.common.io.Files$FileByteSource                                       : loaded 2 times (x 83B)
Class com.google.common.collect.ImmutableMap                                          : loaded 2 times (x 118B)
Class net.rubygrapefruit.platform.internal.WindowsProcessLauncher                     : loaded 2 times (x 74B)
Class com.google.common.base.Converter                                                : loaded 2 times (x 88B)
Class com.google.common.collect.ImmutableSortedSetFauxverideShim                      : loaded 2 times (x 145B)
Class com.google.common.collect.ImmutableSet$EmptySetBuilderImpl                      : loaded 2 times (x 74B)
Class com.google.common.io.CharSource$ConcatenatedCharSource                          : loaded 2 times (x 84B)
Class com.google.common.base.Equivalence                                              : loaded 2 times (x 80B)
Class com.google.common.primitives.Ints                                               : loaded 2 times (x 69B)
Class com.google.common.cache.LocalCache$EntryFactory$1                               : loaded 2 times (x 81B)
Class com.google.common.cache.LocalCache$EntryFactory$2                               : loaded 2 times (x 81B)
Class com.google.common.cache.LocalCache$EntryFactory$3                               : loaded 2 times (x 81B)
Class com.google.common.cache.LocalCache$EntryFactory$4                               : loaded 2 times (x 81B)
Class com.google.common.cache.LocalCache$EntryFactory$5                               : loaded 2 times (x 81B)
Class com.google.common.cache.LocalCache$EntryFactory$6                               : loaded 2 times (x 81B)
Class com.google.common.reflect.TypeResolver$TypeVariableKey                          : loaded 2 times (x 70B)
Class com.google.common.cache.LocalCache$EntryFactory$7                               : loaded 2 times (x 81B)
Class com.google.common.cache.LocalCache$EntryFactory$8                               : loaded 2 times (x 81B)
Class com.google.common.base.Predicate                                                : loaded 2 times (x 68B)
Class com.google.common.cache.LocalCache$StrongValueReference                         : loaded 2 times (x 88B)
Class org.gradle.internal.classloader.FilteringClassLoader                            : loaded 2 times (x 103B)
Class com.google.common.collect.AbstractMapBasedMultimap$WrappedCollection            : loaded 2 times (x 122B)
Class com.google.common.reflect.TypeResolver$TypeTable                                : loaded 2 times (x 71B)
Class com.google.common.reflect.Invokable$MethodInvokable                             : loaded 2 times (x 103B)
Class com.google.common.collect.RegularImmutableSet                                   : loaded 2 times (x 146B)
Class com.google.common.collect.ComparisonChain$InactiveComparisonChain               : loaded 2 times (x 78B)
Class [Lcom.google.common.cache.LocalCache$Strength;                                  : loaded 2 times (x 67B)
Class org.gradle.internal.classpath.DefaultClassPath$ImmutableUniqueList$Builder      : loaded 2 times (x 73B)
Class com.google.common.collect.AbstractRangeSet                                      : loaded 2 times (x 112B)
Class com.google.common.collect.ExplicitOrdering                                      : loaded 2 times (x 113B)
Class com.google.common.collect.SortedSetMultimap                                     : loaded 2 times (x 68B)
Class com.google.common.collect.Maps$8                                                : loaded 2 times (x 80B)
Class com.google.common.base.PatternCompiler                                          : loaded 2 times (x 68B)
Class [Lcom.google.common.cache.CacheBuilder$NullListener;                            : loaded 2 times (x 67B)
Class com.google.common.io.CharStreams$NullWriter                                     : loaded 2 times (x 97B)
Class com.google.common.base.CharMatcher$InRange                                      : loaded 2 times (x 109B)
Class com.google.common.collect.HashMultimap                                          : loaded 2 times (x 172B)
Class com.google.common.collect.Maps$KeySet                                           : loaded 2 times (x 135B)
Class com.google.common.collect.ImmutableMultimap$EntryCollection                     : loaded 2 times (x 125B)
Class com.google.common.collect.Sets$SetView                                          : loaded 2 times (x 136B)
Class com.google.common.collect.BiMap                                                 : loaded 2 times (x 68B)
Class com.google.common.collect.Lists                                                 : loaded 2 times (x 69B)
Class org.objectweb.asm.AnnotationWriter                                              : loaded 2 times (x 76B)
Class com.google.common.math.IntMath$1                                                : loaded 2 times (x 69B)
Class org.gradle.internal.classloader.ClassLoaderVisitor                              : loaded 2 times (x 74B)
Class org.objectweb.asm.Label                                                         : loaded 2 times (x 71B)
Class com.google.common.cache.CacheBuilder$NullListener                               : loaded 2 times (x 80B)
Class com.google.common.collect.ImmutableMultimap                                     : loaded 2 times (x 145B)
Class org.apache.commons.io.filefilter.IOFileFilter                                   : loaded 2 times (x 68B)
Class com.google.common.math.MathPreconditions                                        : loaded 2 times (x 69B)
Class com.google.common.io.ByteStreams$1                                              : loaded 2 times (x 83B)
Class settings_79oevmwn2z1baczclmerse48y                                              : loaded 2 times (x 177B)
Class org.gradle.internal.service.DefaultServiceLocator                               : loaded 2 times (x 81B)
Class org.gradle.internal.service.UnknownServiceException                             : loaded 2 times (x 81B)
Class com.google.common.util.concurrent.AbstractFuture$SynchronizedHelper             : loaded 2 times (x 76B)
Class com.google.common.collect.ArrayListMultimap                                     : loaded 2 times (x 170B)
Class com.google.common.base.Strings                                                  : loaded 2 times (x 69B)
Class com.google.common.collect.HashMultimapGwtSerializationDependencies              : loaded 2 times (x 172B)
Class com.google.common.io.Closer                                                     : loaded 2 times (x 76B)
Class com.google.common.cache.CacheLoader$InvalidCacheLoadException                   : loaded 2 times (x 80B)
Class org.gradle.internal.classloader.DefaultClassLoaderFactory                       : loaded 2 times (x 80B)
Class com.google.common.collect.UnmodifiableIterator                                  : loaded 2 times (x 78B)
Class com.google.common.base.Stopwatch                                                : loaded 2 times (x 70B)
Class com.google.common.reflect.Types                                                 : loaded 2 times (x 69B)
Class com.google.common.base.Platform$JdkPatternCompiler                              : loaded 2 times (x 73B)
Class net.rubygrapefruit.platform.ProcessLauncher                                     : loaded 2 times (x 68B)
Class com.google.common.collect.Interners$InternerImpl                                : loaded 2 times (x 73B)
Class com.google.common.cache.LocalCache$LoadingValueReference                        : loaded 2 times (x 94B)
Class org.apache.commons.io.output.ByteArrayOutputStream                              : loaded 2 times (x 90B)
Class com.google.common.base.CharMatcher$SingleWidth                                  : loaded 2 times (x 110B)
Class com.google.common.collect.Hashing                                               : loaded 2 times (x 69B)
Class com.google.common.io.ByteStreams$LimitedInputStream                             : loaded 2 times (x 90B)
Class com.google.common.collect.NullsFirstOrdering                                    : loaded 2 times (x 113B)
Class com.google.common.collect.MapMakerInternalMap$AbstractStrongKeyEntry            : loaded 2 times (x 80B)
Class com.google.common.collect.ImmutableRangeSet$ComplementRanges                    : loaded 2 times (x 167B)
Class org.objectweb.asm.Context                                                       : loaded 2 times (x 70B)
Class settings_79oevmwn2z1baczclmerse48y$_run_closure1$_closure2$_closure3            : loaded 2 times (x 134B)
Class [Lcom.google.common.reflect.Types$ClassOwnership;                               : loaded 2 times (x 67B)
Class com.google.common.collect.NaturalOrdering                                       : loaded 2 times (x 113B)
Class net.rubygrapefruit.platform.internal.DefaultProcessLauncher                     : loaded 2 times (x 73B)
Class com.google.common.base.JdkPattern                                               : loaded 2 times (x 73B)
Class com.google.common.collect.ByFunctionOrdering                                    : loaded 2 times (x 113B)
Class com.google.common.base.Optional                                                 : loaded 2 times (x 78B)
Class com.google.common.collect.Multimap                                              : loaded 2 times (x 68B)
Class com.google.common.base.FunctionalEquivalence                                    : loaded 2 times (x 81B)
Class org.objectweb.asm.AnnotationVisitor                                             : loaded 2 times (x 75B)
Class org.objectweb.asm.RecordComponentWriter                                         : loaded 2 times (x 76B)
Class com.google.common.cache.LocalCache$1                                            : loaded 2 times (x 87B)
Class com.google.common.cache.LocalCache$2                                            : loaded 2 times (x 140B)
Class com.google.common.collect.RegularImmutableBiMap                                 : loaded 2 times (x 146B)
Class org.gradle.internal.classloader.VisitableURLClassLoader$Spec                    : loaded 2 times (x 72B)
Class org.gradle.api.GradleException                                                  : loaded 2 times (x 80B)
Class com.google.common.base.CharMatcher$JavaLetterOrDigit                            : loaded 2 times (x 109B)
Class org.gradle.api.internal.classpath.ModuleRegistry                                : loaded 2 times (x 68B)
Class com.google.common.collect.ForwardingObject                                      : loaded 2 times (x 70B)
Class com.google.common.collect.CompoundOrdering                                      : loaded 2 times (x 113B)
Class com.google.common.reflect.TypeToken$1                                           : loaded 2 times (x 106B)
Class com.google.common.cache.CacheBuilder                                            : loaded 2 times (x 70B)
Class com.google.common.reflect.TypeToken$2                                           : loaded 2 times (x 106B)
Class org.objectweb.asm.ByteVector                                                    : loaded 2 times (x 76B)
Class com.google.common.collect.ImmutableCollection                                   : loaded 2 times (x 123B)
Class com.google.common.collect.ImmutableRangeSet                                     : loaded 2 times (x 113B)
Class com.google.common.base.PairwiseEquivalence                                      : loaded 2 times (x 81B)
Class com.google.common.base.Ticker                                                   : loaded 2 times (x 70B)
Class org.gradle.api.internal.ClassPathProvider                                       : loaded 2 times (x 68B)
Class com.google.common.base.Ascii                                                    : loaded 2 times (x 69B)
Class com.google.common.collect.RegularImmutableMap$Values                            : loaded 2 times (x 167B)
Class org.objectweb.asm.ModuleWriter                                                  : loaded 2 times (x 79B)
Class org.gradle.internal.classloader.ClasspathUtil$1                                 : loaded 2 times (x 74B)
Class com.google.common.io.ByteSource$AsCharSource                                    : loaded 2 times (x 84B)
Class com.google.common.collect.ImmutableEnumMap                                      : loaded 2 times (x 123B)
Class com.google.common.collect.ForwardingMap                                         : loaded 2 times (x 130B)
Class com.google.common.collect.ImmutableList$ReverseImmutableList                    : loaded 2 times (x 168B)
Class net.rubygrapefruit.platform.internal.Platform$Posix                             : loaded 2 times (x 79B)
Class com.google.common.cache.AbstractCache$StatsCounter                              : loaded 2 times (x 68B)
Class org.objectweb.asm.FieldVisitor                                                  : loaded 2 times (x 74B)
Class org.objectweb.asm.Symbol                                                        : loaded 2 times (x 71B)
Class com.google.common.reflect.TypeToken                                             : loaded 2 times (x 71B)
Class com.google.common.collect.Ordering                                              : loaded 2 times (x 112B)
Class com.google.common.cache.LocalCache$Strength$1                                   : loaded 2 times (x 79B)
Class com.google.common.collect.EmptyImmutableListMultimap                            : loaded 2 times (x 174B)
Class com.google.common.cache.LocalCache$Strength$2                                   : loaded 2 times (x 79B)
Class com.google.common.cache.LocalCache$Strength$3                                   : loaded 2 times (x 79B)
Class org.gradle.internal.classloader.ClassLoaderFactory                              : loaded 2 times (x 68B)
Class com.google.common.collect.ObjectArrays                                          : loaded 2 times (x 69B)
Class com.google.common.base.Absent                                                   : loaded 2 times (x 78B)
Class com.google.common.util.concurrent.AbstractFuture$Waiter                         : loaded 2 times (x 70B)
Class com.google.common.util.concurrent.Uninterruptibles                              : loaded 2 times (x 69B)
Class com.google.common.collect.Iterators$10                                          : loaded 2 times (x 79B)
Class com.google.common.collect.Iterators$EmptyModifiableIterator                     : loaded 2 times (x 84B)
Class com.google.common.collect.ImmutableList                                         : loaded 2 times (x 166B)
Class org.gradle.api.internal.classpath.ManifestUtil                                  : loaded 2 times (x 69B)
Class org.gradle.api.specs.Spec                                                       : loaded 2 times (x 68B)
Class com.google.common.collect.RangeSet                                              : loaded 2 times (x 68B)
Class com.google.common.cache.CacheLoader$UnsupportedLoadingOperationException        : loaded 2 times (x 80B)
Class settings_79oevmwn2z1baczclmerse48y$_run_closure1$_closure2                      : loaded 2 times (x 134B)
Class com.google.common.base.CharMatcher$Whitespace                                   : loaded 2 times (x 110B)
Class com.google.common.util.concurrent.ListenableFuture                              : loaded 2 times (x 68B)
Class com.google.common.collect.MapMaker$Dummy                                        : loaded 2 times (x 77B)
Class com.google.common.collect.Iterators$1                                           : loaded 2 times (x 79B)
Class com.google.common.collect.BaseImmutableMultimap                                 : loaded 2 times (x 121B)
Class com.google.common.collect.Iterators$4                                           : loaded 2 times (x 80B)
Class com.google.common.collect.RegularImmutableMap$BucketOverflowException           : loaded 2 times (x 80B)
Class com.google.common.collect.Iterators$5                                           : loaded 2 times (x 80B)
Class com.google.common.util.concurrent.AbstractFuture$UnsafeAtomicHelper             : loaded 2 times (x 76B)
Class com.google.common.base.Joiner                                                   : loaded 2 times (x 77B)
Class com.google.common.base.Equivalence$Equals                                       : loaded 2 times (x 80B)
Class com.google.common.base.Preconditions                                            : loaded 2 times (x 69B)
Class com.google.common.base.Function                                                 : loaded 2 times (x 68B)
Class com.google.common.collect.Iterators$9                                           : loaded 2 times (x 79B)
Class [Lnet.rubygrapefruit.platform.internal.FunctionResult$Failure;                  : loaded 2 times (x 67B)
Class net.rubygrapefruit.platform.internal.Platform$Windows                           : loaded 2 times (x 77B)
Class org.gradle.internal.IoActions                                                   : loaded 2 times (x 69B)
Class com.google.common.collect.MapMakerInternalMap$StrongKeyDummyValueEntry$Helper   : loaded 2 times (x 77B)
Class com.google.common.collect.AllEqualOrdering                                      : loaded 2 times (x 112B)
Class com.google.common.collect.ComparatorOrdering                                    : loaded 2 times (x 113B)
Class com.google.common.cache.ReferenceEntry                                          : loaded 2 times (x 68B)
Class com.google.common.collect.RegularImmutableMap$KeySet                            : loaded 2 times (x 148B)
Class com.google.common.collect.CollectPreconditions                                  : loaded 2 times (x 69B)
Class com.google.common.collect.LexicographicalOrdering                               : loaded 2 times (x 113B)
Class com.google.common.primitives.IntsMethodsForWeb                                  : loaded 2 times (x 69B)
Class com.google.common.collect.RangeGwtSerializationDependencies                     : loaded 2 times (x 69B)
Class com.google.common.collect.Maps                                                  : loaded 2 times (x 69B)
Class com.google.common.collect.RegularImmutableMap                                   : loaded 2 times (x 119B)
Class com.google.common.collect.AbstractIndexedListIterator                           : loaded 2 times (x 94B)
Class com.google.common.collect.ImmutableMultimap$Builder                             : loaded 2 times (x 81B)
Class net.rubygrapefruit.platform.internal.NativeLibraryLocator                       : loaded 2 times (x 71B)
Class com.google.common.base.CharMatcher$None                                         : loaded 2 times (x 110B)
Class [Lorg.objectweb.asm.Attribute;                                                  : loaded 2 times (x 67B)
Class org.gradle.api.internal.classpath.EffectiveClassPath                            : loaded 2 times (x 88B)
Class com.google.common.collect.UnmodifiableListIterator                              : loaded 2 times (x 93B)
Class com.google.common.io.Files                                                      : loaded 2 times (x 69B)
Class com.google.common.cache.CacheLoader$FunctionToCacheLoader                       : loaded 2 times (x 73B)
Class com.google.common.cache.CacheBuilder$1                                          : loaded 2 times (x 83B)
Class com.google.common.cache.CacheBuilder$2                                          : loaded 2 times (x 77B)
Class com.google.common.collect.ImmutableList$1                                       : loaded 2 times (x 95B)
Class com.google.common.base.Splitter$Strategy                                        : loaded 2 times (x 68B)
Class com.google.common.cache.CacheBuilder$3                                          : loaded 2 times (x 70B)
Class com.google.common.io.CharStreams                                                : loaded 2 times (x 69B)
Class com.google.common.collect.ImmutableMapEntrySet$RegularEntrySet                  : loaded 2 times (x 149B)
Class [Lcom.google.common.cache.RemovalListener;                                      : loaded 2 times (x 67B)
Class [Lcom.google.common.collect.ImmutableMapEntry;                                  : loaded 2 times (x 67B)
Class net.rubygrapefruit.platform.internal.Platform$Unsupported                       : loaded 2 times (x 77B)
Class com.google.common.collect.Interners                                             : loaded 2 times (x 69B)
Class com.google.common.collect.MapMakerInternalMap$Strength$1                        : loaded 2 times (x 78B)
Class org.gradle.internal.installation.CurrentGradleInstallation                      : loaded 2 times (x 71B)
Class com.google.common.collect.MapMakerInternalMap$Strength$2                        : loaded 2 times (x 78B)
Class org.gradle.internal.installation.CurrentGradleInstallationLocator               : loaded 2 times (x 69B)
Class [Lcom.google.common.cache.LocalCache$Segment;                                   : loaded 2 times (x 67B)
Class org.gradle.api.internal.classpath.Module                                        : loaded 2 times (x 68B)
Class com.google.common.io.ByteSource$ByteArrayByteSource                             : loaded 2 times (x 83B)
Class com.google.common.collect.ImmutableSortedSet                                    : loaded 2 times (x 233B)
Class com.google.common.base.Splitter$1$1                                             : loaded 2 times (x 84B)
Class net.rubygrapefruit.platform.internal.NativeLibraryLoader                        : loaded 2 times (x 71B)
Class com.google.common.collect.MapMakerInternalMap$Segment                           : loaded 2 times (x 140B)
Class com.google.common.collect.ImmutableSet$JdkBackedSetBuilderImpl                  : loaded 2 times (x 74B)
Class com.google.common.reflect.Types$TypeVariableInvocationHandler                   : loaded 2 times (x 73B)
Class com.google.common.reflect.Types$ClassOwnership                                  : loaded 2 times (x 78B)
Class com.google.common.collect.ImmutableSet$RegularSetBuilderImpl                    : loaded 2 times (x 75B)
Class [Lorg.objectweb.asm.AnnotationWriter;                                           : loaded 2 times (x 67B)
Class org.gradle.internal.service.CachingServiceLocator                               : loaded 2 times (x 80B)
Class [Lcom.google.common.collect.ImmutableEntry;                                     : loaded 2 times (x 67B)
Class net.rubygrapefruit.platform.internal.Platform$Linux64Bit                        : loaded 2 times (x 81B)
Class org.objectweb.asm.Handle                                                        : loaded 2 times (x 70B)
Class com.google.common.collect.Sets$ImprovedAbstractSet                              : loaded 2 times (x 133B)
Class com.google.common.collect.AbstractMapBasedMultimap$AsMap                        : loaded 2 times (x 126B)
Class org.gradle.internal.classpath.DefaultClassPath                                  : loaded 2 times (x 88B)
Class com.google.common.collect.AbstractSetMultimap                                   : loaded 2 times (x 172B)
Class com.google.common.collect.MapMakerInternalMap$1                                 : loaded 2 times (x 81B)
Class com.google.common.util.concurrent.AbstractFuture$SetFuture                      : loaded 2 times (x 73B)
Class com.google.common.collect.CollectCollectors                                     : loaded 2 times (x 69B)
Class com.google.common.collect.TransformedIterator                                   : loaded 2 times (x 78B)
Class com.google.common.base.Splitter$SplittingIterator                               : loaded 2 times (x 82B)
Class com.google.common.collect.ImmutableMultisetGwtSerializationDependencies         : loaded 2 times (x 123B)
Class com.google.common.reflect.TypeParameter                                         : loaded 2 times (x 70B)
Class com.google.common.collect.ImmutableListMultimap                                 : loaded 2 times (x 174B)
Class com.google.common.cache.LocalCache$LocalManualCache$1                           : loaded 2 times (x 73B)
Class com.google.common.reflect.Types$ClassOwnership$1LocalClass                      : loaded 2 times (x 69B)
Class [Lcom.google.common.collect.AbstractIterator$State;                             : loaded 2 times (x 67B)
Class org.objectweb.asm.SymbolTable$Entry                                             : loaded 2 times (x 72B)
Class [Lcom.google.common.cache.LocalCache$EntryFactory;                              : loaded 2 times (x 67B)
Class net.rubygrapefruit.platform.internal.jni.NativeLibraryFunctions                 : loaded 2 times (x 69B)
Class com.google.common.base.CharMatcher$Is                                           : loaded 2 times (x 109B)
Class com.google.common.base.Platform                                                 : loaded 2 times (x 69B)
Class com.google.common.collect.RegularImmutableAsList                                : loaded 2 times (x 176B)
Class com.google.common.base.Suppliers$NonSerializableMemoizingSupplier               : loaded 2 times (x 77B)
Class com.google.common.collect.PeekingIterator                                       : loaded 2 times (x 68B)
Class build_by0ytkiobhxi4scpyngwrmlrw                                                 : loaded 2 times (x 178B)
Class com.google.common.collect.ImmutableSetMultimap                                  : loaded 2 times (x 178B)
Class com.google.common.collect.AbstractMapBasedMultimap$WrappedSet                   : loaded 2 times (x 140B)
Class com.google.common.reflect.TypeResolver$TypeTable$1                              : loaded 2 times (x 71B)
Class com.google.common.collect.ImmutableMapEntrySet                                  : loaded 2 times (x 149B)
Class com.google.common.cache.CacheLoader                                             : loaded 2 times (x 72B)
Class org.objectweb.asm.Opcodes                                                       : loaded 2 times (x 68B)
Class com.google.common.collect.ImmutableBiMapFauxverideShim                          : loaded 2 times (x 118B)
Class org.objectweb.asm.MethodTooLargeException                                       : loaded 2 times (x 81B)
Class com.google.common.cache.Cache                                                   : loaded 2 times (x 68B)
Class com.google.common.collect.Maps$EntrySet                                         : loaded 2 times (x 134B)
Class org.gradle.internal.classloader.SystemClassLoaderSpec                           : loaded 2 times (x 69B)
Class com.google.common.io.LineBuffer                                                 : loaded 2 times (x 73B)
Class com.google.common.util.concurrent.internal.InternalFutureFailureAccess          : loaded 2 times (x 70B)
Class com.google.common.io.CharSource$StringCharSource                                : loaded 2 times (x 84B)
Class net.rubygrapefruit.platform.internal.Platform$FreeBSD64Bit                      : loaded 2 times (x 80B)
Class com.google.common.base.Charsets                                                 : loaded 2 times (x 69B)
Class com.google.common.primitives.Ints$IntConverter                                  : loaded 2 times (x 88B)
Class com.google.common.collect.SingletonImmutableSet                                 : loaded 2 times (x 144B)
Class com.google.common.reflect.Types$TypeVariableImpl                                : loaded 2 times (x 70B)
Class com.google.common.collect.Interners$InternerBuilder                             : loaded 2 times (x 74B)
Class [Lcom.google.common.base.AbstractIterator$State;                                : loaded 2 times (x 67B)
Class com.google.common.collect.ImmutableMap$Builder                                  : loaded 2 times (x 80B)
Class com.google.common.io.LineReader$1                                               : loaded 2 times (x 73B)
Class net.rubygrapefruit.platform.internal.Platform$MacOs                             : loaded 2 times (x 80B)
Class com.google.common.base.AbstractIterator                                         : loaded 2 times (x 78B)
Class org.objectweb.asm.ClassWriter                                                   : loaded 2 times (x 102B)
Class com.google.common.collect.Range                                                 : loaded 2 times (x 85B)
Class org.apache.commons.io.IOUtils                                                   : loaded 2 times (x 69B)
Class com.google.common.base.AbstractIterator$1                                       : loaded 2 times (x 69B)
Class [Lcom.google.common.cache.CacheBuilder$OneWeigher;                              : loaded 2 times (x 67B)
Class com.google.common.collect.ComparisonChain$1                                     : loaded 2 times (x 79B)
Class net.rubygrapefruit.platform.NativeIntegrationLinkageException                   : loaded 2 times (x 80B)
Class com.google.common.collect.Iterators                                             : loaded 2 times (x 69B)
Class com.google.common.base.CharMatcher$Ascii                                        : loaded 2 times (x 110B)
Class com.google.common.base.CharMatcher$1                                            : loaded 2 times (x 111B)
Class com.google.common.cache.LocalCache$ComputingValueReference                      : loaded 2 times (x 94B)
Class com.google.common.cache.LocalCache$SoftValueReference                           : loaded 2 times (x 95B)
Class com.google.common.collect.ImmutableList$SerializedForm                          : loaded 2 times (x 71B)
Class org.gradle.api.UncheckedIOException                                             : loaded 2 times (x 80B)
Class com.google.common.base.CharMatcher$And                                          : loaded 2 times (x 110B)
Class com.google.common.io.Files$FileByteSink                                         : loaded 2 times (x 75B)
Class [Lcom.google.common.io.FileWriteMode;                                           : loaded 2 times (x 67B)
Class com.google.common.collect.IndexedImmutableSet                                   : loaded 2 times (x 148B)
Class com.google.common.base.ExtraObjectsMethodsForWeb                                : loaded 2 times (x 69B)
Class com.google.common.collect.ForwardingCollection                                  : loaded 2 times (x 128B)
Class com.google.common.collect.IndexedImmutableSet$1                                 : loaded 2 times (x 172B)
Class com.google.common.collect.AbstractListMultimap                                  : loaded 2 times (x 170B)
Class com.google.common.base.CharMatcher$Any                                          : loaded 2 times (x 110B)
Class com.google.common.cache.LocalCache$Strength                                     : loaded 2 times (x 79B)
Class com.google.common.collect.AbstractMapBasedMultimap$KeySet                       : loaded 2 times (x 135B)
Class com.google.common.collect.SortedIterable                                        : loaded 2 times (x 68B)
Class com.google.common.collect.ArrayListMultimapGwtSerializationDependencies         : loaded 2 times (x 170B)
Class com.google.common.base.CharMatcher$RangesMatcher                                : loaded 2 times (x 110B)
Class com.google.common.collect.AbstractMapBasedMultimap$RandomAccessWrappedList      : loaded 2 times (x 165B)
Class org.objectweb.asm.Handler                                                       : loaded 2 times (x 70B)
Class net.rubygrapefruit.platform.internal.Platform$Linux32Bit                        : loaded 2 times (x 81B)
Class com.google.common.collect.ImmutableList$SubList                                 : loaded 2 times (x 168B)
Class net.rubygrapefruit.platform.internal.Platform$MacOs64Bit                        : loaded 2 times (x 80B)
Class com.google.common.cache.LocalCache$ValueReference                               : loaded 2 times (x 68B)
Class org.objectweb.asm.ClassReader                                                   : loaded 2 times (x 90B)
Class com.google.common.io.Java8Compatibility                                         : loaded 2 times (x 69B)
Class org.gradle.internal.classloader.ClasspathUtil                                   : loaded 2 times (x 69B)
Class org.apache.commons.io.FileUtils                                                 : loaded 2 times (x 69B)
Class org.objectweb.asm.CurrentFrame                                                  : loaded 2 times (x 71B)
Class com.google.common.util.concurrent.AbstractFuture                                : loaded 2 times (x 93B)
Class com.google.common.reflect.TypeResolver                                          : loaded 2 times (x 70B)
Class com.google.common.base.Splitter$1                                               : loaded 2 times (x 75B)
Class com.google.common.collect.ReverseOrdering                                       : loaded 2 times (x 113B)
Class com.google.common.collect.TransformedListIterator                               : loaded 2 times (x 91B)
Class com.google.common.base.Ticker$1                                                 : loaded 2 times (x 70B)
Class com.google.common.collect.Maps$BiMapConverter                                   : loaded 2 times (x 88B)
Class org.gradle.api.internal.DefaultClassPathRegistry                                : loaded 2 times (x 74B)
Class com.google.common.collect.AbstractIterator$State                                : loaded 2 times (x 77B)
Class com.google.common.util.concurrent.AbstractFuture$Cancellation                   : loaded 2 times (x 70B)
Class [Lorg.objectweb.asm.Symbol;                                                     : loaded 2 times (x 67B)
Class com.google.common.base.Predicates                                               : loaded 2 times (x 69B)
Class com.google.common.collect.Interner                                              : loaded 2 times (x 68B)
Class com.google.common.collect.ImmutableSet$SetBuilderImpl                           : loaded 2 times (x 74B)
Class org.gradle.api.internal.classpath.DefaultModuleRegistry$DefaultModule           : loaded 2 times (x 84B)
Class net.rubygrapefruit.platform.internal.Platform                                   : loaded 2 times (x 77B)
Class com.google.common.io.LineReader                                                 : loaded 2 times (x 70B)
Class com.google.common.base.CharMatcher$JavaIsoControl                               : loaded 2 times (x 110B)
Class com.google.common.collect.ImmutableMap$1                                        : loaded 2 times (x 79B)
Class com.google.common.base.CharMatcher$Or                                           : loaded 2 times (x 110B)
Class com.google.common.base.Suppliers$SupplierOfInstance                             : loaded 2 times (x 77B)
Class org.objectweb.asm.RecordComponentVisitor                                        : loaded 2 times (x 75B)
Class com.google.common.reflect.Types$ClassOwnership$1                                : loaded 2 times (x 78B)
Class com.google.common.reflect.Invokable                                             : loaded 2 times (x 99B)
Class com.google.common.reflect.Types$ClassOwnership$2                                : loaded 2 times (x 78B)
Class com.google.common.reflect.Types$ClassOwnership$3                                : loaded 2 times (x 69B)
Class com.google.common.collect.Iterables                                             : loaded 2 times (x 69B)
Class build_by0ytkiobhxi4scpyngwrmlrw$_run_closure1                                   : loaded 2 times (x 134B)
Class com.google.common.base.CharMatcher$JavaLowerCase                                : loaded 2 times (x 109B)
Class org.objectweb.asm.ClassTooLargeException                                        : loaded 2 times (x 81B)
Class org.gradle.api.internal.classpath.UnknownModuleException                        : loaded 2 times (x 80B)
Class com.google.common.collect.FluentIterable                                        : loaded 2 times (x 79B)
Class com.google.common.util.concurrent.AbstractFuture$Listener                       : loaded 2 times (x 70B)
Class com.google.common.collect.Iterables$4                                           : loaded 2 times (x 79B)
Class org.objectweb.asm.Edge                                                          : loaded 2 times (x 70B)
Class com.google.common.collect.Maps$EntryTransformer                                 : loaded 2 times (x 68B)
Class com.google.common.collect.ImmutableCollection$Builder                           : loaded 2 times (x 74B)
Class com.google.common.io.ByteArrayDataInput                                         : loaded 2 times (x 68B)
Class net.rubygrapefruit.platform.internal.Platform$Window64Bit                       : loaded 2 times (x 77B)
Class [Lorg.objectweb.asm.SymbolTable$Entry;                                          : loaded 2 times (x 67B)
Class com.google.common.reflect.Types$JavaVersion                                     : loaded 2 times (x 81B)
Class com.google.common.collect.SingletonImmutableBiMap                               : loaded 2 times (x 141B)
Class com.google.common.base.CommonPattern                                            : loaded 2 times (x 72B)
Class com.google.common.base.Suppliers$MemoizingSupplier                              : loaded 2 times (x 77B)
Class com.google.common.base.Suppliers                                                : loaded 2 times (x 69B)
Class net.rubygrapefruit.platform.internal.Platform$FreeBSD32Bit                      : loaded 2 times (x 80B)
Class [Lcom.google.common.collect.Iterators$EmptyModifiableIterator;                  : loaded 2 times (x 67B)
Class org.objectweb.asm.ClassVisitor                                                  : loaded 2 times (x 85B)
Class com.google.common.cache.LoadingCache                                            : loaded 2 times (x 68B)
Class org.gradle.internal.service.ServiceLookupException                              : loaded 2 times (x 80B)
Class com.google.common.collect.MapMakerInternalMap$StrongKeyDummyValueSegment        : loaded 2 times (x 140B)
Class org.gradle.cache.GlobalCache                                                    : loaded 2 times (x 68B)
Class com.google.common.base.Present                                                  : loaded 2 times (x 79B)
Class com.google.common.collect.ReverseNaturalOrdering                                : loaded 2 times (x 112B)
Class com.google.common.base.CharMatcher$NegatedFastMatcher                           : loaded 2 times (x 111B)
Class [Lorg.gradle.api.internal.ClassPathProvider;                                    : loaded 2 times (x 67B)
Class com.google.common.util.concurrent.AbstractFuture$SafeAtomicHelper               : loaded 2 times (x 77B)
Class com.google.common.collect.ImmutableMultimap$Values                              : loaded 2 times (x 124B)
Class net.rubygrapefruit.platform.internal.Platform$FreeBSD                           : loaded 2 times (x 80B)
Class org.gradle.util.internal.GUtil                                                  : loaded 2 times (x 69B)
Class net.rubygrapefruit.platform.internal.Platform$Unix                              : loaded 2 times (x 80B)
Class com.google.common.math.IntMath                                                  : loaded 2 times (x 69B)
Class [Lcom.google.common.reflect.Types$JavaVersion;                                  : loaded 2 times (x 67B)
Class net.rubygrapefruit.platform.Process                                             : loaded 2 times (x 68B)
Class com.google.common.collect.AbstractIterator                                      : loaded 2 times (x 80B)
Class org.gradle.internal.classloader.ClassLoaderSpec                                 : loaded 2 times (x 69B)
Class com.google.common.io.LineProcessor                                              : loaded 2 times (x 68B)
Class com.google.common.base.NullnessCasts                                            : loaded 2 times (x 69B)
Class com.google.common.io.CharSink                                                   : loaded 2 times (x 77B)
Class org.objectweb.asm.Frame                                                         : loaded 2 times (x 71B)
Class com.google.common.cache.LocalCache$LocalManualCache                             : loaded 2 times (x 97B)
Class com.google.common.collect.AbstractMapEntry                                      : loaded 2 times (x 79B)
Class com.google.common.collect.ImmutableList$Builder                                 : loaded 2 times (x 75B)
Class com.google.common.base.CharMatcher$Negated                                      : loaded 2 times (x 111B)
Class net.rubygrapefruit.platform.NativeIntegrationUnavailableException               : loaded 2 times (x 80B)
Class com.google.common.cache.CacheLoader$1                                           : loaded 2 times (x 73B)
Class net.rubygrapefruit.platform.NativeIntegration                                   : loaded 2 times (x 68B)
Class [Lcom.google.common.collect.MapMakerInternalMap$Strength;                       : loaded 2 times (x 67B)
Class com.google.common.util.concurrent.AbstractFuture$TrustedFuture                  : loaded 2 times (x 95B)
Class com.google.common.collect.MapMakerInternalMap$InternalEntry                     : loaded 2 times (x 68B)
Class org.apache.commons.io.FileExistsException                                       : loaded 2 times (x 80B)
Class com.google.common.collect.Maps$ViewCachingAbstractMap                           : loaded 2 times (x 123B)
Class com.google.common.collect.Sets                                                  : loaded 2 times (x 69B)
Class settings_79oevmwn2z1baczclmerse48y$_run_closure1                                : loaded 2 times (x 134B)
Class com.google.common.collect.ImmutableSet$Builder                                  : loaded 2 times (x 83B)
Class com.google.common.collect.MapMakerInternalMap                                   : loaded 2 times (x 159B)
Class com.google.common.base.CharMatcher$ForPredicate                                 : loaded 2 times (x 110B)
Class com.google.common.collect.ImmutableMap$MapViewOfValuesAsSingletonSets           : loaded 2 times (x 123B)
Class org.apache.commons.io.output.StringBuilderWriter                                : loaded 2 times (x 98B)
Class net.rubygrapefruit.platform.internal.Platform$MacOs32Bit                        : loaded 2 times (x 80B)
Class com.google.common.collect.ImmutableMapKeySet                                    : loaded 2 times (x 148B)
Class com.google.common.base.MoreObjects                                              : loaded 2 times (x 69B)
Class com.google.common.collect.SortedMapDifference                                   : loaded 2 times (x 68B)
Class org.objectweb.asm.SymbolTable                                                   : loaded 2 times (x 70B)
Class [Lorg.objectweb.asm.AnnotationVisitor;                                          : loaded 2 times (x 67B)
Class com.google.common.cache.CacheStats                                              : loaded 2 times (x 69B)
Class org.objectweb.asm.Attribute                                                     : loaded 2 times (x 75B)
Class org.gradle.internal.classloader.VisitableURLClassLoader                         : loaded 2 times (x 115B)
Class com.google.common.cache.LocalCache$LocalLoadingCache                            : loaded 2 times (x 132B)
Class com.google.common.io.CharSource$CharSequenceCharSource                          : loaded 2 times (x 84B)
Class com.google.common.base.Supplier                                                 : loaded 2 times (x 68B)
Class com.google.common.collect.ImmutableMultimap$Keys                                : loaded 2 times (x 164B)
Class com.google.common.base.Objects                                                  : loaded 2 times (x 69B)
Class com.google.common.util.concurrent.AbstractFuture$AtomicHelper                   : loaded 2 times (x 76B)
Class com.google.common.collect.ImmutableBiMap                                        : loaded 2 times (x 141B)
Class org.gradle.internal.Cast                                                        : loaded 2 times (x 69B)
Class com.google.common.hash.PrimitiveSink                                            : loaded 2 times (x 68B)
Class com.google.common.collect.NullnessCasts                                         : loaded 2 times (x 69B)
Class com.google.common.io.CharSource$EmptyCharSource                                 : loaded 2 times (x 84B)
Class org.gradle.api.internal.ClassPathRegistry                                       : loaded 2 times (x 68B)
Class com.google.common.cache.LocalCache$EntryFactory                                 : loaded 2 times (x 81B)
Class com.google.common.util.concurrent.UncheckedExecutionException                   : loaded 2 times (x 80B)
Class com.google.common.collect.ImmutableSet                                          : loaded 2 times (x 143B)
Class org.gradle.internal.classloader.ClassLoaderHierarchy                            : loaded 2 times (x 68B)
Class com.google.common.io.Closer$Suppressor                                          : loaded 2 times (x 68B)
Class net.rubygrapefruit.platform.internal.LibraryDef                                 : loaded 2 times (x 70B)
Class com.google.common.collect.AbstractMapBasedMultimap$WrappedList                  : loaded 2 times (x 165B)
Class [Lorg.objectweb.asm.Type;                                                       : loaded 2 times (x 67B)
Class com.google.common.collect.MapMakerInternalMap$WeakValueReference                : loaded 2 times (x 68B)
Class com.google.common.base.AbstractIterator$State                                   : loaded 2 times (x 77B)
Class com.google.common.cache.Weigher                                                 : loaded 2 times (x 68B)
Class com.google.common.collect.MapMakerInternalMap$StrongValueEntry                  : loaded 2 times (x 68B)
Class com.google.common.base.CharMatcher$NamedFastMatcher                             : loaded 2 times (x 110B)
Class org.gradle.internal.InternalTransformer                                         : loaded 2 times (x 68B)
Class org.apache.commons.io.output.NullOutputStream                                   : loaded 2 times (x 83B)
Class org.gradle.internal.service.ServiceLocator                                      : loaded 2 times (x 68B)
Class net.rubygrapefruit.platform.internal.Platform$Linux                             : loaded 2 times (x 81B)
Class com.google.common.collect.ImmutableRangeSet$1                                   : loaded 2 times (x 169B)
Class com.google.common.util.concurrent.SettableFuture                                : loaded 2 times (x 95B)
Class net.rubygrapefruit.platform.NativeException                                     : loaded 2 times (x 80B)
Class net.rubygrapefruit.platform.Native                                              : loaded 2 times (x 69B)
Class com.google.common.io.Files$2                                                    : loaded 2 times (x 74B)
Class com.google.common.collect.ImmutableMapEntry                                     : loaded 2 times (x 83B)
Class com.google.common.reflect.Types$ParameterizedTypeImpl                           : loaded 2 times (x 79B)
Class net.rubygrapefruit.platform.internal.Platform$Window32Bit                       : loaded 2 times (x 77B)
Class com.google.common.io.ByteStreams                                                : loaded 2 times (x 69B)
Class com.google.common.base.CharMatcher$Invisible                                    : loaded 2 times (x 110B)
Class com.google.common.base.Joiner$1                                                 : loaded 2 times (x 78B)
Class com.google.common.collect.MapMaker                                              : loaded 2 times (x 70B)
Class com.google.common.base.Joiner$2                                                 : loaded 2 times (x 77B)
Class com.google.common.reflect.Types$JavaVersion$1                                   : loaded 2 times (x 81B)
Class com.google.common.collect.ImmutableMultiset                                     : loaded 2 times (x 161B)
Class com.google.common.base.CharMatcher$FastMatcher                                  : loaded 2 times (x 109B)
Class com.google.common.reflect.Types$JavaVersion$2                                   : loaded 2 times (x 81B)
Class [Lorg.objectweb.asm.Label;                                                      : loaded 2 times (x 67B)
Class com.google.common.reflect.Types$JavaVersion$3                                   : loaded 2 times (x 81B)
Class org.gradle.internal.classpath.DefaultClassPath$ImmutableUniqueList              : loaded 2 times (x 159B)
Class com.google.common.reflect.Types$JavaVersion$4                                   : loaded 2 times (x 81B)
Class com.google.common.reflect.Types$JavaVersion$5                                   : loaded 2 times (x 69B)
Class com.google.common.base.CharMatcher$JavaLetter                                   : loaded 2 times (x 109B)
Class com.google.common.collect.ImmutableMultimap$1                                   : loaded 2 times (x 80B)
Class com.google.common.collect.ImmutableMultimap$2                                   : loaded 2 times (x 79B)
Class com.google.common.collect.MapDifference                                         : loaded 2 times (x 68B)
Class com.google.common.reflect.TypeToken$SimpleTypeToken                             : loaded 2 times (x 71B)
Class com.google.common.io.ByteSource$EmptyByteSource                                 : loaded 2 times (x 83B)
Class com.google.common.collect.Sets$1                                                : loaded 2 times (x 137B)
Class com.google.common.collect.Sets$2                                                : loaded 2 times (x 137B)
Class com.google.common.util.concurrent.AbstractFuture$Trusted                        : loaded 2 times (x 68B)
Class com.google.common.collect.Sets$3                                                : loaded 2 times (x 137B)
Class com.google.common.graph.SuccessorsFunction                                      : loaded 2 times (x 68B)
Class com.google.common.collect.Sets$4                                                : loaded 2 times (x 137B)
Class com.google.common.reflect.Types$NativeTypeVariableEquals                        : loaded 2 times (x 69B)
Class com.google.common.io.ByteSink                                                   : loaded 2 times (x 74B)
Class com.google.common.collect.AbstractMapBasedMultimap$WrappedCollection$WrappedIterator: loaded 2 times (x 82B)
Class org.objectweb.asm.MethodWriter                                                  : loaded 2 times (x 103B)
Class com.google.common.collect.Platform                                              : loaded 2 times (x 69B)
Class com.google.common.collect.ImmutableAsList                                       : loaded 2 times (x 169B)
Class com.google.common.util.concurrent.ExecutionError                                : loaded 2 times (x 80B)
Class com.google.common.io.ByteSink$AsCharSink                                        : loaded 2 times (x 78B)
Class com.google.common.base.Equivalence$Identity                                     : loaded 2 times (x 80B)
Class com.google.common.base.CharMatcher$AnyOf                                        : loaded 2 times (x 110B)
Class com.google.common.base.CharMatcher$IsEither                                     : loaded 2 times (x 109B)
Class com.google.common.collect.AbstractIterator$1                                    : loaded 2 times (x 69B)
Class com.google.common.io.CharSource                                                 : loaded 2 times (x 83B)
Class com.google.common.cache.LocalCache                                              : loaded 2 times (x 185B)
Class com.google.common.collect.ImmutableRangeSet$Builder                             : loaded 2 times (x 75B)
Class com.google.common.collect.RegularImmutableList                                  : loaded 2 times (x 172B)
Class com.google.common.util.concurrent.AbstractFuture$UnsafeAtomicHelper$1           : loaded 2 times (x 74B)
Class com.google.common.base.CharMatcher$JavaUpperCase                                : loaded 2 times (x 109B)
Class com.google.common.collect.Multiset                                              : loaded 2 times (x 68B)
Class net.rubygrapefruit.platform.internal.jni.WindowsHandleFunctions                 : loaded 2 times (x 69B)
Class com.google.common.collect.ImmutableSet$CachingAsList                            : loaded 2 times (x 145B)
Class com.google.common.reflect.Invokable$ConstructorInvokable                        : loaded 2 times (x 103B)
Class com.google.common.collect.NullsLastOrdering                                     : loaded 2 times (x 113B)
Class org.objectweb.asm.MethodVisitor                                                 : loaded 2 times (x 102B)
Class com.google.common.collect.ComparisonChain                                       : loaded 2 times (x 78B)
Class com.google.common.collect.AbstractMapBasedMultimap$KeySet$1                     : loaded 2 times (x 80B)
Class com.google.common.collect.ImmutableMapEntry$NonTerminalImmutableMapEntry        : loaded 2 times (x 83B)
Class com.google.common.collect.AbstractMapBasedMultimap                              : loaded 2 times (x 137B)


---------------  S Y S T E M  ---------------

OS:
 Windows 11 , 64 bit Build 26100 (10.0.26100.3037)
OS uptime: 0 days 22:03 hours
Hyper-V role detected

CPU: total 16 (initial active 16) (16 cores per cpu, 2 threads per core) family 25 model 68 stepping 1 microcode 0xa404107, cx8, cmov, fxsr, ht, mmx, 3dnowpref, sse, sse2, sse3, ssse3, sse4a, sse4.1, sse4.2, popcnt, lzcnt, tsc, tscinvbit, avx, avx2, aes, erms, clmul, bmi1, bmi2, adx, sha, fma, vzeroupper, clflush, clflushopt, hv
Processor Information for processor 0
  Max Mhz: 3100, Current Mhz: 2523, Mhz Limit: 3100
Processor Information for processor 1
  Max Mhz: 3100, Current Mhz: 2002, Mhz Limit: 3100
Processor Information for processor 2
  Max Mhz: 3100, Current Mhz: 2523, Mhz Limit: 3100
Processor Information for processor 3
  Max Mhz: 3100, Current Mhz: 2523, Mhz Limit: 3100
Processor Information for processor 4
  Max Mhz: 3100, Current Mhz: 2002, Mhz Limit: 3100
Processor Information for processor 5
  Max Mhz: 3100, Current Mhz: 2523, Mhz Limit: 3100
Processor Information for processor 6
  Max Mhz: 3100, Current Mhz: 2523, Mhz Limit: 3100
Processor Information for processor 7
  Max Mhz: 3100, Current Mhz: 2523, Mhz Limit: 3100
Processor Information for processor 8
  Max Mhz: 3100, Current Mhz: 2523, Mhz Limit: 3100
Processor Information for processor 9
  Max Mhz: 3100, Current Mhz: 2002, Mhz Limit: 3100
Processor Information for processor 10
  Max Mhz: 3100, Current Mhz: 2002, Mhz Limit: 3100
Processor Information for processor 11
  Max Mhz: 3100, Current Mhz: 2002, Mhz Limit: 3100
Processor Information for processor 12
  Max Mhz: 3100, Current Mhz: 2002, Mhz Limit: 3100
Processor Information for processor 13
  Max Mhz: 3100, Current Mhz: 2002, Mhz Limit: 3100
Processor Information for processor 14
  Max Mhz: 3100, Current Mhz: 2002, Mhz Limit: 3100
Processor Information for processor 15
  Max Mhz: 3100, Current Mhz: 2002, Mhz Limit: 3100

Memory: 4k page, system-wide physical 16200M (3859M free)
TotalPageFile size 24392M (AvailPageFile size 11M)
current process WorkingSet (physical memory assigned to process): 961M, peak: 963M
current process commit charge ("private bytes"): 1020M, peak: 1024M

vm_info: OpenJDK 64-Bit Server VM (17.0.12+1-b1207.37) for windows-amd64 JRE (17.0.12+1-b1207.37), built on 2024-09-25 by "builduser" with MS VC++ 16.10 / 16.11 (VS2019)

END.
